"ProductKey","ProductID","Name","ProductNumber","StandardCost","ListPrice","Size","Weight","DaysToManufacture","SellStartDate","SellEndDate"
30,1,"Adjustable Race","AR-5381",0.0,0.0,"",0.0,0,"1998-06-01 00:00:00",""
31,2,"Bearing Ball","BA-8327",0.0,0.0,"",0.0,0,"1998-06-01 00:00:00",""
32,3,"BB Ball Bearing","BE-2349",0.0,0.0,"",0.0,1,"1998-06-01 00:00:00",""
33,4,"Headset Ball Bearings","BE-2908",0.0,0.0,"",0.0,0,"1998-06-01 00:00:00",""
34,316,"Blade","BL-2036",0.0,0.0,"",0.0,1,"1998-06-01 00:00:00",""
35,317,"LL Crankarm","CA-5965",0.0,0.0,"",0.0,0,"1998-06-01 00:00:00",""
36,318,"ML Crankarm","CA-6738",0.0,0.0,"",0.0,0,"1998-06-01 00:00:00",""
37,319,"HL Crankarm","CA-7457",0.0,0.0,"",0.0,0,"1998-06-01 00:00:00",""
38,320,"Chainring Bolts","CB-2903",0.0,0.0,"",0.0,0,"1998-06-01 00:00:00",""
39,321,"Chainring Nut","CN-6137",0.0,0.0,"",0.0,0,"1998-06-01 00:00:00",""
40,322,"Chainring","CR-7833",0.0,0.0,"",0.0,0,"1998-06-01 00:00:00",""
41,323,"Crown Race","CR-9981",0.0,0.0,"",0.0,0,"1998-06-01 00:00:00",""
42,324,"Chain Stays","CS-2812",0.0,0.0,"",0.0,1,"1998-06-01 00:00:00",""
43,325,"Decal 1","DC-8732",0.0,0.0,"",0.0,0,"1998-06-01 00:00:00",""
44,326,"Decal 2","DC-9824",0.0,0.0,"",0.0,0,"1998-06-01 00:00:00",""
45,327,"Down Tube","DT-2377",0.0,0.0,"",0.0,1,"1998-06-01 00:00:00",""
46,328,"Mountain End Caps","EC-M092",0.0,0.0,"",0.0,1,"1998-06-01 00:00:00",""
47,329,"Road End Caps","EC-R098",0.0,0.0,"",0.0,1,"1998-06-01 00:00:00",""
48,330,"Touring End Caps","EC-T209",0.0,0.0,"",0.0,1,"1998-06-01 00:00:00",""
49,331,"Fork End","FE-3760",0.0,0.0,"",0.0,1,"1998-06-01 00:00:00",""
50,332,"Freewheel","FH-2981",0.0,0.0,"",0.0,0,"1998-06-01 00:00:00",""
51,341,"Flat Washer 1","FW-1000",0.0,0.0,"",0.0,0,"1998-06-01 00:00:00",""
52,342,"Flat Washer 6","FW-1200",0.0,0.0,"",0.0,0,"1998-06-01 00:00:00",""
53,343,"Flat Washer 2","FW-1400",0.0,0.0,"",0.0,0,"1998-06-01 00:00:00",""
54,344,"Flat Washer 9","FW-3400",0.0,0.0,"",0.0,0,"1998-06-01 00:00:00",""
55,345,"Flat Washer 4","FW-3800",0.0,0.0,"",0.0,0,"1998-06-01 00:00:00",""
56,346,"Flat Washer 3","FW-5160",0.0,0.0,"",0.0,0,"1998-06-01 00:00:00",""
57,347,"Flat Washer 8","FW-5800",0.0,0.0,"",0.0,0,"1998-06-01 00:00:00",""
58,348,"Flat Washer 5","FW-7160",0.0,0.0,"",0.0,0,"1998-06-01 00:00:00",""
59,349,"Flat Washer 7","FW-9160",0.0,0.0,"",0.0,0,"1998-06-01 00:00:00",""
60,350,"Fork Crown","FC-3654",0.0,0.0,"",0.0,1,"1998-06-01 00:00:00",""
61,351,"Front Derailleur Cage","FC-3982",0.0,0.0,"",0.0,0,"1998-06-01 00:00:00",""
62,352,"Front Derailleur Linkage","FL-2301",0.0,0.0,"",0.0,0,"1998-06-01 00:00:00",""
63,355,"Guide Pulley","GP-0982",0.0,0.0,"",0.0,0,"1998-06-01 00:00:00",""
64,356,"LL Grip Tape","GT-0820",0.0,0.0,"",0.0,0,"1998-06-01 00:00:00",""
65,357,"ML Grip Tape","GT-1209",0.0,0.0,"",0.0,0,"1998-06-01 00:00:00",""
66,358,"HL Grip Tape","GT-2908",0.0,0.0,"",0.0,0,"1998-06-01 00:00:00",""
67,359,"Thin-Jam Hex Nut 9","HJ-1213",0.0,0.0,"",0.0,0,"1998-06-01 00:00:00",""
68,360,"Thin-Jam Hex Nut 10","HJ-1220",0.0,0.0,"",0.0,0,"1998-06-01 00:00:00",""
69,361,"Thin-Jam Hex Nut 1","HJ-1420",0.0,0.0,"",0.0,0,"1998-06-01 00:00:00",""
70,362,"Thin-Jam Hex Nut 2","HJ-1428",0.0,0.0,"",0.0,0,"1998-06-01 00:00:00",""
71,363,"Thin-Jam Hex Nut 15","HJ-3410",0.0,0.0,"",0.0,0,"1998-06-01 00:00:00",""
72,364,"Thin-Jam Hex Nut 16","HJ-3416",0.0,0.0,"",0.0,0,"1998-06-01 00:00:00",""
73,365,"Thin-Jam Hex Nut 5","HJ-3816",0.0,0.0,"",0.0,0,"1998-06-01 00:00:00",""
74,366,"Thin-Jam Hex Nut 6","HJ-3824",0.0,0.0,"",0.0,0,"1998-06-01 00:00:00",""
75,367,"Thin-Jam Hex Nut 3","HJ-5161",0.0,0.0,"",0.0,0,"1998-06-01 00:00:00",""
76,368,"Thin-Jam Hex Nut 4","HJ-5162",0.0,0.0,"",0.0,0,"1998-06-01 00:00:00",""
77,369,"Thin-Jam Hex Nut 13","HJ-5811",0.0,0.0,"",0.0,0,"1998-06-01 00:00:00",""
78,370,"Thin-Jam Hex Nut 14","HJ-5818",0.0,0.0,"",0.0,0,"1998-06-01 00:00:00",""
79,371,"Thin-Jam Hex Nut 7","HJ-7161",0.0,0.0,"",0.0,0,"1998-06-01 00:00:00",""
80,372,"Thin-Jam Hex Nut 8","HJ-7162",0.0,0.0,"",0.0,0,"1998-06-01 00:00:00",""
81,373,"Thin-Jam Hex Nut 12","HJ-9080",0.0,0.0,"",0.0,0,"1998-06-01 00:00:00",""
82,374,"Thin-Jam Hex Nut 11","HJ-9161",0.0,0.0,"",0.0,0,"1998-06-01 00:00:00",""
83,375,"Hex Nut 5","HN-1024",0.0,0.0,"",0.0,0,"1998-06-01 00:00:00",""
84,376,"Hex Nut 6","HN-1032",0.0,0.0,"",0.0,0,"1998-06-01 00:00:00",""
85,377,"Hex Nut 16","HN-1213",0.0,0.0,"",0.0,0,"1998-06-01 00:00:00",""
86,378,"Hex Nut 17","HN-1220",0.0,0.0,"",0.0,0,"1998-06-01 00:00:00",""
87,379,"Hex Nut 7","HN-1224",0.0,0.0,"",0.0,0,"1998-06-01 00:00:00",""
88,380,"Hex Nut 8","HN-1420",0.0,0.0,"",0.0,0,"1998-06-01 00:00:00",""
89,381,"Hex Nut 9","HN-1428",0.0,0.0,"",0.0,0,"1998-06-01 00:00:00",""
90,382,"Hex Nut 22","HN-3410",0.0,0.0,"",0.0,0,"1998-06-01 00:00:00",""
91,383,"Hex Nut 23","HN-3416",0.0,0.0,"",0.0,0,"1998-06-01 00:00:00",""
92,384,"Hex Nut 12","HN-3816",0.0,0.0,"",0.0,0,"1998-06-01 00:00:00",""
93,385,"Hex Nut 13","HN-3824",0.0,0.0,"",0.0,0,"1998-06-01 00:00:00",""
94,386,"Hex Nut 1","HN-4402",0.0,0.0,"",0.0,0,"1998-06-01 00:00:00",""
95,387,"Hex Nut 10","HN-5161",0.0,0.0,"",0.0,0,"1998-06-01 00:00:00",""
96,388,"Hex Nut 11","HN-5162",0.0,0.0,"",0.0,0,"1998-06-01 00:00:00",""
97,389,"Hex Nut 2","HN-5400",0.0,0.0,"",0.0,0,"1998-06-01 00:00:00",""
98,390,"Hex Nut 20","HN-5811",0.0,0.0,"",0.0,0,"1998-06-01 00:00:00",""
99,391,"Hex Nut 21","HN-5818",0.0,0.0,"",0.0,0,"1998-06-01 00:00:00",""
100,392,"Hex Nut 3","HN-6320",0.0,0.0,"",0.0,0,"1998-06-01 00:00:00",""
101,393,"Hex Nut 14","HN-7161",0.0,0.0,"",0.0,0,"1998-06-01 00:00:00",""
102,394,"Hex Nut 15","HN-7162",0.0,0.0,"",0.0,0,"1998-06-01 00:00:00",""
103,395,"Hex Nut 4","HN-8320",0.0,0.0,"",0.0,0,"1998-06-01 00:00:00",""
104,396,"Hex Nut 18","HN-9161",0.0,0.0,"",0.0,0,"1998-06-01 00:00:00",""
105,397,"Hex Nut 19","HN-9168",0.0,0.0,"",0.0,0,"1998-06-01 00:00:00",""
106,398,"Handlebar Tube","HT-2981",0.0,0.0,"",0.0,1,"1998-06-01 00:00:00",""
107,399,"Head Tube","HT-8019",0.0,0.0,"",0.0,1,"1998-06-01 00:00:00",""
108,400,"LL Hub","HU-6280",0.0,0.0,"",0.0,1,"1998-06-01 00:00:00",""
109,401,"HL Hub","HU-8998",0.0,0.0,"",0.0,1,"1998-06-01 00:00:00",""
110,402,"Keyed Washer","KW-4091",0.0,0.0,"",0.0,0,"1998-06-01 00:00:00",""
111,403,"External Lock Washer 3","LE-1000",0.0,0.0,"",0.0,0,"1998-06-01 00:00:00",""
112,404,"External Lock Washer 4","LE-1200",0.0,0.0,"",0.0,0,"1998-06-01 00:00:00",""
113,405,"External Lock Washer 9","LE-1201",0.0,0.0,"",0.0,0,"1998-06-01 00:00:00",""
114,406,"External Lock Washer 5","LE-1400",0.0,0.0,"",0.0,0,"1998-06-01 00:00:00",""
115,407,"External Lock Washer 7","LE-3800",0.0,0.0,"",0.0,0,"1998-06-01 00:00:00",""
116,408,"External Lock Washer 6","LE-5160",0.0,0.0,"",0.0,0,"1998-06-01 00:00:00",""
117,409,"External Lock Washer 1","LE-6000",0.0,0.0,"",0.0,0,"1998-06-01 00:00:00",""
118,410,"External Lock Washer 8","LE-7160",0.0,0.0,"",0.0,0,"1998-06-01 00:00:00",""
119,411,"External Lock Washer 2","LE-8000",0.0,0.0,"",0.0,0,"1998-06-01 00:00:00",""
120,412,"Internal Lock Washer 3","LI-1000",0.0,0.0,"",0.0,0,"1998-06-01 00:00:00",""
121,413,"Internal Lock Washer 4","LI-1200",0.0,0.0,"",0.0,0,"1998-06-01 00:00:00",""
122,414,"Internal Lock Washer 9","LI-1201",0.0,0.0,"",0.0,0,"1998-06-01 00:00:00",""
123,415,"Internal Lock Washer 5","LI-1400",0.0,0.0,"",0.0,0,"1998-06-01 00:00:00",""
124,416,"Internal Lock Washer 7","LI-3800",0.0,0.0,"",0.0,0,"1998-06-01 00:00:00",""
125,417,"Internal Lock Washer 6","LI-5160",0.0,0.0,"",0.0,0,"1998-06-01 00:00:00",""
126,418,"Internal Lock Washer 10","LI-5800",0.0,0.0,"",0.0,0,"1998-06-01 00:00:00",""
127,419,"Internal Lock Washer 1","LI-6000",0.0,0.0,"",0.0,0,"1998-06-01 00:00:00",""
128,420,"Internal Lock Washer 8","LI-7160",0.0,0.0,"",0.0,0,"1998-06-01 00:00:00",""
129,421,"Internal Lock Washer 2","LI-8000",0.0,0.0,"",0.0,0,"1998-06-01 00:00:00",""
130,422,"Thin-Jam Lock Nut 9","LJ-1213",0.0,0.0,"",0.0,0,"1998-06-01 00:00:00",""
131,423,"Thin-Jam Lock Nut 10","LJ-1220",0.0,0.0,"",0.0,0,"1998-06-01 00:00:00",""
132,424,"Thin-Jam Lock Nut 1","LJ-1420",0.0,0.0,"",0.0,0,"1998-06-01 00:00:00",""
133,425,"Thin-Jam Lock Nut 2","LJ-1428",0.0,0.0,"",0.0,0,"1998-06-01 00:00:00",""
134,426,"Thin-Jam Lock Nut 15","LJ-3410",0.0,0.0,"",0.0,0,"1998-06-01 00:00:00",""
135,427,"Thin-Jam Lock Nut 16","LJ-3416",0.0,0.0,"",0.0,0,"1998-06-01 00:00:00",""
136,428,"Thin-Jam Lock Nut 5","LJ-3816",0.0,0.0,"",0.0,0,"1998-06-01 00:00:00",""
137,429,"Thin-Jam Lock Nut 6","LJ-3824",0.0,0.0,"",0.0,0,"1998-06-01 00:00:00",""
138,430,"Thin-Jam Lock Nut 3","LJ-5161",0.0,0.0,"",0.0,0,"1998-06-01 00:00:00",""
139,431,"Thin-Jam Lock Nut 4","LJ-5162",0.0,0.0,"",0.0,0,"1998-06-01 00:00:00",""
140,432,"Thin-Jam Lock Nut 13","LJ-5811",0.0,0.0,"",0.0,0,"1998-06-01 00:00:00",""
141,433,"Thin-Jam Lock Nut 14","LJ-5818",0.0,0.0,"",0.0,0,"1998-06-01 00:00:00",""
142,434,"Thin-Jam Lock Nut 7","LJ-7161",0.0,0.0,"",0.0,0,"1998-06-01 00:00:00",""
143,435,"Thin-Jam Lock Nut 8","LJ-7162",0.0,0.0,"",0.0,0,"1998-06-01 00:00:00",""
144,436,"Thin-Jam Lock Nut 12","LJ-9080",0.0,0.0,"",0.0,0,"1998-06-01 00:00:00",""
145,437,"Thin-Jam Lock Nut 11","LJ-9161",0.0,0.0,"",0.0,0,"1998-06-01 00:00:00",""
146,438,"Lock Nut 5","LN-1024",0.0,0.0,"",0.0,0,"1998-06-01 00:00:00",""
147,439,"Lock Nut 6","LN-1032",0.0,0.0,"",0.0,0,"1998-06-01 00:00:00",""
148,440,"Lock Nut 16","LN-1213",0.0,0.0,"",0.0,0,"1998-06-01 00:00:00",""
149,441,"Lock Nut 17","LN-1220",0.0,0.0,"",0.0,0,"1998-06-01 00:00:00",""
150,442,"Lock Nut 7","LN-1224",0.0,0.0,"",0.0,0,"1998-06-01 00:00:00",""
151,443,"Lock Nut 8","LN-1420",0.0,0.0,"",0.0,0,"1998-06-01 00:00:00",""
152,444,"Lock Nut 9","LN-1428",0.0,0.0,"",0.0,0,"1998-06-01 00:00:00",""
153,445,"Lock Nut 22","LN-3410",0.0,0.0,"",0.0,0,"1998-06-01 00:00:00",""
154,446,"Lock Nut 23","LN-3416",0.0,0.0,"",0.0,0,"1998-06-01 00:00:00",""
155,447,"Lock Nut 12","LN-3816",0.0,0.0,"",0.0,0,"1998-06-01 00:00:00",""
156,448,"Lock Nut 13","LN-3824",0.0,0.0,"",0.0,0,"1998-06-01 00:00:00",""
157,449,"Lock Nut 1","LN-4400",0.0,0.0,"",0.0,0,"1998-06-01 00:00:00",""
158,450,"Lock Nut 10","LN-5161",0.0,0.0,"",0.0,0,"1998-06-01 00:00:00",""
159,451,"Lock Nut 11","LN-5162",0.0,0.0,"",0.0,0,"1998-06-01 00:00:00",""
160,452,"Lock Nut 2","LN-5400",0.0,0.0,"",0.0,0,"1998-06-01 00:00:00",""
161,453,"Lock Nut 20","LN-5811",0.0,0.0,"",0.0,0,"1998-06-01 00:00:00",""
162,454,"Lock Nut 21","LN-5818",0.0,0.0,"",0.0,0,"1998-06-01 00:00:00",""
163,455,"Lock Nut 3","LN-6320",0.0,0.0,"",0.0,0,"1998-06-01 00:00:00",""
164,456,"Lock Nut 14","LN-7161",0.0,0.0,"",0.0,0,"1998-06-01 00:00:00",""
165,457,"Lock Nut 15","LN-7162",0.0,0.0,"",0.0,0,"1998-06-01 00:00:00",""
166,458,"Lock Nut 4","LN-8320",0.0,0.0,"",0.0,0,"1998-06-01 00:00:00",""
167,459,"Lock Nut 19","LN-9080",0.0,0.0,"",0.0,0,"1998-06-01 00:00:00",""
168,460,"Lock Nut 18","LN-9161",0.0,0.0,"",0.0,0,"1998-06-01 00:00:00",""
169,461,"Lock Ring","LR-2398",0.0,0.0,"",0.0,0,"1998-06-01 00:00:00",""
170,462,"Lower Head Race","LR-8520",0.0,0.0,"",0.0,0,"1998-06-01 00:00:00",""
171,463,"Lock Washer 4","LW-1000",0.0,0.0,"",0.0,0,"1998-06-01 00:00:00",""
172,464,"Lock Washer 5","LW-1200",0.0,0.0,"",0.0,0,"1998-06-01 00:00:00",""
173,465,"Lock Washer 10","LW-1201",0.0,0.0,"",0.0,0,"1998-06-01 00:00:00",""
174,466,"Lock Washer 6","LW-1400",0.0,0.0,"",0.0,0,"1998-06-01 00:00:00",""
175,467,"Lock Washer 13","LW-3400",0.0,0.0,"",0.0,0,"1998-06-01 00:00:00",""
176,468,"Lock Washer 8","LW-3800",0.0,0.0,"",0.0,0,"1998-06-01 00:00:00",""
177,469,"Lock Washer 1","LW-4000",0.0,0.0,"",0.0,0,"1998-06-01 00:00:00",""
178,470,"Lock Washer 7","LW-5160",0.0,0.0,"",0.0,0,"1998-06-01 00:00:00",""
179,471,"Lock Washer 12","LW-5800",0.0,0.0,"",0.0,0,"1998-06-01 00:00:00",""
180,472,"Lock Washer 2","LW-6000",0.0,0.0,"",0.0,0,"1998-06-01 00:00:00",""
181,473,"Lock Washer 9","LW-7160",0.0,0.0,"",0.0,0,"1998-06-01 00:00:00",""
182,474,"Lock Washer 3","LW-8000",0.0,0.0,"",0.0,0,"1998-06-01 00:00:00",""
183,475,"Lock Washer 11","LW-9160",0.0,0.0,"",0.0,0,"1998-06-01 00:00:00",""
184,476,"Metal Angle","MA-7075",0.0,0.0,"",0.0,0,"1998-06-01 00:00:00",""
185,477,"Metal Bar 1","MB-2024",0.0,0.0,"",0.0,0,"1998-06-01 00:00:00",""
186,478,"Metal Bar 2","MB-6061",0.0,0.0,"",0.0,0,"1998-06-01 00:00:00",""
187,479,"Metal Plate 2","MP-2066",0.0,0.0,"",0.0,0,"1998-06-01 00:00:00",""
188,480,"Metal Plate 1","MP-2503",0.0,0.0,"",0.0,0,"1998-06-01 00:00:00",""
189,481,"Metal Plate 3","MP-4960",0.0,0.0,"",0.0,0,"1998-06-01 00:00:00",""
190,482,"Metal Sheet 2","MS-0253",0.0,0.0,"",0.0,0,"1998-06-01 00:00:00",""
191,483,"Metal Sheet 3","MS-1256",0.0,0.0,"",0.0,0,"1998-06-01 00:00:00",""
192,484,"Metal Sheet 7","MS-1981",0.0,0.0,"",0.0,0,"1998-06-01 00:00:00",""
193,485,"Metal Sheet 4","MS-2259",0.0,0.0,"",0.0,0,"1998-06-01 00:00:00",""
194,486,"Metal Sheet 5","MS-2341",0.0,0.0,"",0.0,0,"1998-06-01 00:00:00",""
195,487,"Metal Sheet 6","MS-2348",0.0,0.0,"",0.0,0,"1998-06-01 00:00:00",""
196,488,"Metal Sheet 1","MS-6061",0.0,0.0,"",0.0,0,"1998-06-01 00:00:00",""
197,489,"Metal Tread Plate","MT-1000",0.0,0.0,"",0.0,0,"1998-06-01 00:00:00",""
198,490,"LL Nipple","NI-4127",0.0,0.0,"",0.0,0,"1998-06-01 00:00:00",""
199,491,"HL Nipple","NI-9522",0.0,0.0,"",0.0,0,"1998-06-01 00:00:00",""
200,492,"Paint - Black","PA-187B",0.0,0.0,"",0.0,0,"1998-06-01 00:00:00",""
201,493,"Paint - Red","PA-361R",0.0,0.0,"",0.0,0,"1998-06-01 00:00:00",""
202,494,"Paint - Silver","PA-529S",0.0,0.0,"",0.0,0,"1998-06-01 00:00:00",""
203,495,"Paint - Blue","PA-632U",0.0,0.0,"",0.0,0,"1998-06-01 00:00:00",""
204,496,"Paint - Yellow","PA-823Y",0.0,0.0,"",0.0,0,"1998-06-01 00:00:00",""
205,497,"Pinch Bolt","PB-6109",0.0,0.0,"",0.0,0,"1998-06-01 00:00:00",""
206,504,"Cup-Shaped Race","RA-2345",0.0,0.0,"",0.0,0,"1998-06-01 00:00:00",""
207,505,"Cone-Shaped Race","RA-7490",0.0,0.0,"",0.0,0,"1998-06-01 00:00:00",""
208,506,"Reflector","RF-9198",0.0,0.0,"",0.0,0,"1998-06-01 00:00:00",""
209,507,"LL Mountain Rim","RM-M464",0.0,0.0,"",435.0,0,"1998-06-01 00:00:00",""
210,508,"ML Mountain Rim","RM-M692",0.0,0.0,"",450.0,0,"1998-06-01 00:00:00",""
211,509,"HL Mountain Rim","RM-M823",0.0,0.0,"",400.0,0,"1998-06-01 00:00:00",""
212,510,"LL Road Rim","RM-R436",0.0,0.0,"",445.0,0,"1998-06-01 00:00:00",""
213,511,"ML Road Rim","RM-R600",0.0,0.0,"",450.0,0,"1998-06-01 00:00:00",""
214,512,"HL Road Rim","RM-R800",0.0,0.0,"",400.0,0,"1998-06-01 00:00:00",""
215,513,"Touring Rim","RM-T801",0.0,0.0,"",460.0,0,"1998-06-01 00:00:00",""
216,514,"LL Mountain Seat Assembly","SA-M198",98.77,133.34,"",0.0,1,"1998-06-01 00:00:00",""
217,515,"ML Mountain Seat Assembly","SA-M237",108.99,147.14,"",0.0,1,"1998-06-01 00:00:00",""
218,516,"HL Mountain Seat Assembly","SA-M687",145.87,196.92,"",0.0,1,"1998-06-01 00:00:00",""
219,517,"LL Road Seat Assembly","SA-R127",98.77,133.34,"",0.0,1,"1998-06-01 00:00:00",""
220,518,"ML Road Seat Assembly","SA-R430",108.99,147.14,"",0.0,1,"1998-06-01 00:00:00",""
221,519,"HL Road Seat Assembly","SA-R522",145.87,196.92,"",0.0,1,"1998-06-01 00:00:00",""
222,520,"LL Touring Seat Assembly","SA-T467",98.77,133.34,"",0.0,1,"1998-06-01 00:00:00",""
223,521,"ML Touring Seat Assembly","SA-T612",108.99,147.14,"",0.0,1,"1998-06-01 00:00:00",""
224,522,"HL Touring Seat Assembly","SA-T872",145.87,196.92,"",0.0,1,"1998-06-01 00:00:00",""
225,523,"LL Spindle/Axle","SD-2342",0.0,0.0,"",0.0,0,"1998-06-01 00:00:00",""
226,524,"HL Spindle/Axle","SD-9872",0.0,0.0,"",0.0,0,"1998-06-01 00:00:00",""
227,525,"LL Shell","SH-4562",0.0,0.0,"",0.0,0,"1998-06-01 00:00:00",""
228,526,"HL Shell","SH-9312",0.0,0.0,"",0.0,0,"1998-06-01 00:00:00",""
229,527,"Spokes","SK-9283",0.0,0.0,"",0.0,0,"1998-06-01 00:00:00",""
230,528,"Seat Lug","SL-0931",0.0,0.0,"",0.0,0,"1998-06-01 00:00:00",""
231,529,"Stem","SM-9087",0.0,0.0,"",0.0,1,"1998-06-01 00:00:00",""
232,530,"Seat Post","SP-2981",0.0,0.0,"",0.0,0,"1998-06-01 00:00:00",""
233,531,"Steerer","SR-2098",0.0,0.0,"",0.0,1,"1998-06-01 00:00:00",""
234,532,"Seat Stays","SS-2985",0.0,0.0,"",0.0,1,"1998-06-01 00:00:00",""
235,533,"Seat Tube","ST-9828",0.0,0.0,"",0.0,1,"1998-06-01 00:00:00",""
236,534,"Top Tube","TO-2301",0.0,0.0,"",0.0,1,"1998-06-01 00:00:00",""
237,535,"Tension Pulley","TP-0923",0.0,0.0,"",0.0,0,"1998-06-01 00:00:00",""
238,679,"Rear Derailleur Cage","RC-0291",0.0,0.0,"",0.0,0,"1998-06-01 00:00:00",""
239,680,"HL Road Frame - Black, 58","FR-R92B-58",1059.31,1431.5,"58",2.24,1,"1998-06-01 00:00:00",""
240,706,"HL Road Frame - Red, 58","FR-R92R-58",1059.31,1431.5,"58",2.24,1,"1998-06-01 00:00:00",""
241,707,"Sport-100 Helmet, Red","HL-U509-R",13.0863,34.99,"",0.0,0,"2001-07-01 00:00:00",""
242,708,"Sport-100 Helmet, Black","HL-U509",13.0863,34.99,"",0.0,0,"2001-07-01 00:00:00",""
243,709,"Mountain Bike Socks, M","SO-B909-M",3.3963,9.5,"M",0.0,0,"2001-07-01 00:00:00","2002-06-30 00:00:00"
244,710,"Mountain Bike Socks, L","SO-B909-L",3.3963,9.5,"L",0.0,0,"2001-07-01 00:00:00","2002-06-30 00:00:00"
245,711,"Sport-100 Helmet, Blue","HL-U509-B",13.0863,34.99,"",0.0,0,"2001-07-01 00:00:00",""
246,712,"AWC Logo Cap","CA-1098",6.9223,8.99,"",0.0,0,"2001-07-01 00:00:00",""
247,713,"Long-Sleeve Logo Jersey, S","LJ-0192-S",38.4923,49.99,"S",0.0,0,"2001-07-01 00:00:00",""
248,714,"Long-Sleeve Logo Jersey, M","LJ-0192-M",38.4923,49.99,"M",0.0,0,"2001-07-01 00:00:00",""
249,715,"Long-Sleeve Logo Jersey, L","LJ-0192-L",38.4923,49.99,"L",0.0,0,"2001-07-01 00:00:00",""
250,716,"Long-Sleeve Logo Jersey, XL","LJ-0192-X",38.4923,49.99,"XL",0.0,0,"2001-07-01 00:00:00",""
251,717,"HL Road Frame - Red, 62","FR-R92R-62",868.6342,1431.5,"62",2.3,1,"2001-07-01 00:00:00",""
252,718,"HL Road Frame - Red, 44","FR-R92R-44",868.6342,1431.5,"44",2.12,1,"2001-07-01 00:00:00",""
253,719,"HL Road Frame - Red, 48","FR-R92R-48",868.6342,1431.5,"48",2.16,1,"2001-07-01 00:00:00",""
254,720,"HL Road Frame - Red, 52","FR-R92R-52",868.6342,1431.5,"52",2.2,1,"2001-07-01 00:00:00",""
255,721,"HL Road Frame - Red, 56","FR-R92R-56",868.6342,1431.5,"56",2.24,1,"2001-07-01 00:00:00",""
256,722,"LL Road Frame - Black, 58","FR-R38B-58",204.6251,337.22,"58",2.46,1,"2001-07-01 00:00:00",""
257,723,"LL Road Frame - Black, 60","FR-R38B-60",204.6251,337.22,"60",2.48,1,"2001-07-01 00:00:00",""
258,724,"LL Road Frame - Black, 62","FR-R38B-62",204.6251,337.22,"62",2.5,1,"2001-07-01 00:00:00",""
259,725,"LL Road Frame - Red, 44","FR-R38R-44",187.1571,337.22,"44",2.32,1,"2001-07-01 00:00:00","2003-06-30 00:00:00"
260,726,"LL Road Frame - Red, 48","FR-R38R-48",187.1571,337.22,"48",2.36,1,"2001-07-01 00:00:00","2003-06-30 00:00:00"
261,727,"LL Road Frame - Red, 52","FR-R38R-52",187.1571,337.22,"52",2.4,1,"2001-07-01 00:00:00","2003-06-30 00:00:00"
262,728,"LL Road Frame - Red, 58","FR-R38R-58",187.1571,337.22,"58",2.46,1,"2001-07-01 00:00:00","2003-06-30 00:00:00"
263,729,"LL Road Frame - Red, 60","FR-R38R-60",187.1571,337.22,"60",2.48,1,"2001-07-01 00:00:00","2003-06-30 00:00:00"
264,730,"LL Road Frame - Red, 62","FR-R38R-62",187.1571,337.22,"62",2.5,1,"2001-07-01 00:00:00","2003-06-30 00:00:00"
265,731,"ML Road Frame - Red, 44","FR-R72R-44",352.1394,594.83,"44",2.22,1,"2001-07-01 00:00:00","2002-06-30 00:00:00"
266,732,"ML Road Frame - Red, 48","FR-R72R-48",352.1394,594.83,"48",2.26,1,"2001-07-01 00:00:00","2002-06-30 00:00:00"
267,733,"ML Road Frame - Red, 52","FR-R72R-52",352.1394,594.83,"52",2.3,1,"2001-07-01 00:00:00","2002-06-30 00:00:00"
268,734,"ML Road Frame - Red, 58","FR-R72R-58",352.1394,594.83,"58",2.36,1,"2001-07-01 00:00:00","2002-06-30 00:00:00"
269,735,"ML Road Frame - Red, 60","FR-R72R-60",352.1394,594.83,"60",2.38,1,"2001-07-01 00:00:00","2002-06-30 00:00:00"
270,736,"LL Road Frame - Black, 44","FR-R38B-44",204.6251,337.22,"44",2.32,1,"2001-07-01 00:00:00",""
271,737,"LL Road Frame - Black, 48","FR-R38B-48",204.6251,337.22,"48",2.36,1,"2001-07-01 00:00:00",""
272,738,"LL Road Frame - Black, 52","FR-R38B-52",204.6251,337.22,"52",2.4,1,"2001-07-01 00:00:00",""
273,739,"HL Mountain Frame - Silver, 42","FR-M94S-42",747.2002,1364.5,"42",2.72,1,"2001-07-01 00:00:00",""
274,740,"HL Mountain Frame - Silver, 44","FR-M94S-44",706.811,1364.5,"44",2.76,1,"2001-07-01 00:00:00","2002-06-30 00:00:00"
275,741,"HL Mountain Frame - Silver, 48","FR-M94S-52",706.811,1364.5,"48",2.8,1,"2001-07-01 00:00:00","2002-06-30 00:00:00"
276,742,"HL Mountain Frame - Silver, 46","FR-M94S-46",747.2002,1364.5,"46",2.84,1,"2001-07-01 00:00:00",""
277,743,"HL Mountain Frame - Black, 42","FR-M94B-42",739.041,1349.6,"42",2.72,1,"2001-07-01 00:00:00",""
278,744,"HL Mountain Frame - Black, 44","FR-M94B-44",699.0928,1349.6,"44",2.76,1,"2001-07-01 00:00:00","2002-06-30 00:00:00"
279,745,"HL Mountain Frame - Black, 48","FR-M94B-48",699.0928,1349.6,"48",2.8,1,"2001-07-01 00:00:00","2002-06-30 00:00:00"
280,746,"HL Mountain Frame - Black, 46","FR-M94B-46",739.041,1349.6,"46",2.84,1,"2001-07-01 00:00:00",""
281,747,"HL Mountain Frame - Black, 38","FR-M94B-38",739.041,1349.6,"38",2.68,2,"2001-07-01 00:00:00",""
282,748,"HL Mountain Frame - Silver, 38","FR-M94S-38",747.2002,1364.5,"38",2.68,2,"2001-07-01 00:00:00",""
283,749,"Road-150 Red, 62","BK-R93R-62",2171.2942,3578.27,"62",15.0,4,"2001-07-01 00:00:00","2002-06-30 00:00:00"
284,750,"Road-150 Red, 44","BK-R93R-44",2171.2942,3578.27,"44",13.77,4,"2001-07-01 00:00:00","2002-06-30 00:00:00"
285,751,"Road-150 Red, 48","BK-R93R-48",2171.2942,3578.27,"48",14.13,4,"2001-07-01 00:00:00","2002-06-30 00:00:00"
286,752,"Road-150 Red, 52","BK-R93R-52",2171.2942,3578.27,"52",14.42,4,"2001-07-01 00:00:00","2002-06-30 00:00:00"
287,753,"Road-150 Red, 56","BK-R93R-56",2171.2942,3578.27,"56",14.68,4,"2001-07-01 00:00:00","2002-06-30 00:00:00"
288,754,"Road-450 Red, 58","BK-R68R-58",884.7083,1457.99,"58",17.79,4,"2001-07-01 00:00:00","2002-06-30 00:00:00"
289,755,"Road-450 Red, 60","BK-R68R-60",884.7083,1457.99,"60",17.9,4,"2001-07-01 00:00:00","2002-06-30 00:00:00"
290,756,"Road-450 Red, 44","BK-R68R-44",884.7083,1457.99,"44",16.77,4,"2001-07-01 00:00:00","2002-06-30 00:00:00"
291,757,"Road-450 Red, 48","BK-R68R-48",884.7083,1457.99,"48",17.13,4,"2001-07-01 00:00:00","2002-06-30 00:00:00"
292,758,"Road-450 Red, 52","BK-R68R-52",884.7083,1457.99,"52",17.42,4,"2001-07-01 00:00:00","2002-06-30 00:00:00"
293,759,"Road-650 Red, 58","BK-R50R-58",486.7066,782.99,"58",19.79,4,"2001-07-01 00:00:00","2003-06-30 00:00:00"
294,760,"Road-650 Red, 60","BK-R50R-60",486.7066,782.99,"60",19.9,4,"2001-07-01 00:00:00","2003-06-30 00:00:00"
295,761,"Road-650 Red, 62","BK-R50R-62",486.7066,782.99,"62",20.0,4,"2001-07-01 00:00:00","2003-06-30 00:00:00"
296,762,"Road-650 Red, 44","BK-R50R-44",486.7066,782.99,"44",18.77,4,"2001-07-01 00:00:00","2003-06-30 00:00:00"
297,763,"Road-650 Red, 48","BK-R50R-48",486.7066,782.99,"48",19.13,4,"2001-07-01 00:00:00","2003-06-30 00:00:00"
298,764,"Road-650 Red, 52","BK-R50R-52",486.7066,782.99,"52",19.42,4,"2001-07-01 00:00:00","2003-06-30 00:00:00"
299,765,"Road-650 Black, 58","BK-R50B-58",486.7066,782.99,"58",19.79,4,"2001-07-01 00:00:00","2003-06-30 00:00:00"
300,766,"Road-650 Black, 60","BK-R50B-60",486.7066,782.99,"60",19.9,4,"2001-07-01 00:00:00","2003-06-30 00:00:00"
301,767,"Road-650 Black, 62","BK-R50B-62",486.7066,782.99,"62",20.0,4,"2001-07-01 00:00:00","2003-06-30 00:00:00"
302,768,"Road-650 Black, 44","BK-R50B-44",486.7066,782.99,"44",18.77,4,"2001-07-01 00:00:00","2003-06-30 00:00:00"
303,769,"Road-650 Black, 48","BK-R50B-48",486.7066,782.99,"48",19.13,4,"2001-07-01 00:00:00","2003-06-30 00:00:00"
304,770,"Road-650 Black, 52","BK-R50B-52",486.7066,782.99,"52",19.42,4,"2001-07-01 00:00:00","2003-06-30 00:00:00"
305,771,"Mountain-100 Silver, 38","BK-M82S-38",1912.1544,3399.99,"38",20.35,4,"2001-07-01 00:00:00","2002-06-30 00:00:00"
306,772,"Mountain-100 Silver, 42","BK-M82S-42",1912.1544,3399.99,"42",20.77,4,"2001-07-01 00:00:00","2002-06-30 00:00:00"
307,773,"Mountain-100 Silver, 44","BK-M82S-44",1912.1544,3399.99,"44",21.13,4,"2001-07-01 00:00:00","2002-06-30 00:00:00"
308,774,"Mountain-100 Silver, 48","BK-M82S-48",1912.1544,3399.99,"48",21.42,4,"2001-07-01 00:00:00","2002-06-30 00:00:00"
309,775,"Mountain-100 Black, 38","BK-M82B-38",1898.0944,3374.99,"38",20.35,4,"2001-07-01 00:00:00","2002-06-30 00:00:00"
310,776,"Mountain-100 Black, 42","BK-M82B-42",1898.0944,3374.99,"42",20.77,4,"2001-07-01 00:00:00","2002-06-30 00:00:00"
311,777,"Mountain-100 Black, 44","BK-M82B-44",1898.0944,3374.99,"44",21.13,4,"2001-07-01 00:00:00","2002-06-30 00:00:00"
312,778,"Mountain-100 Black, 48","BK-M82B-48",1898.0944,3374.99,"48",21.42,4,"2001-07-01 00:00:00","2002-06-30 00:00:00"
313,779,"Mountain-200 Silver, 38","BK-M68S-38",1265.6195,2319.99,"38",23.35,4,"2002-07-01 00:00:00",""
314,780,"Mountain-200 Silver, 42","BK-M68S-42",1265.6195,2319.99,"42",23.77,4,"2002-07-01 00:00:00",""
315,781,"Mountain-200 Silver, 46","BK-M68S-46",1265.6195,2319.99,"46",24.13,4,"2002-07-01 00:00:00",""
316,782,"Mountain-200 Black, 38","BK-M68B-38",1251.9813,2294.99,"38",23.35,4,"2002-07-01 00:00:00",""
317,783,"Mountain-200 Black, 42","BK-M68B-42",1251.9813,2294.99,"42",23.77,4,"2002-07-01 00:00:00",""
318,784,"Mountain-200 Black, 46","BK-M68B-46",1251.9813,2294.99,"46",24.13,4,"2002-07-01 00:00:00",""
319,785,"Mountain-300 Black, 38","BK-M47B-38",598.4354,1079.99,"38",25.35,4,"2002-07-01 00:00:00","2003-06-30 00:00:00"
320,786,"Mountain-300 Black, 40","BK-M47B-40",598.4354,1079.99,"40",25.77,4,"2002-07-01 00:00:00","2003-06-30 00:00:00"
321,787,"Mountain-300 Black, 44","BK-M47B-44",598.4354,1079.99,"44",26.13,4,"2002-07-01 00:00:00","2003-06-30 00:00:00"
322,788,"Mountain-300 Black, 48","BK-M47B-48",598.4354,1079.99,"48",26.42,4,"2002-07-01 00:00:00","2003-06-30 00:00:00"
323,789,"Road-250 Red, 44","BK-R89R-44",1518.7864,2443.35,"44",14.77,4,"2002-07-01 00:00:00","2003-06-30 00:00:00"
324,790,"Road-250 Red, 48","BK-R89R-48",1518.7864,2443.35,"48",15.13,4,"2002-07-01 00:00:00","2003-06-30 00:00:00"
325,791,"Road-250 Red, 52","BK-R89R-52",1518.7864,2443.35,"52",15.42,4,"2002-07-01 00:00:00","2003-06-30 00:00:00"
326,792,"Road-250 Red, 58","BK-R89R-58",1554.9479,2443.35,"58",15.79,4,"2002-07-01 00:00:00",""
327,793,"Road-250 Black, 44","BK-R89B-44",1554.9479,2443.35,"44",14.77,4,"2002-07-01 00:00:00",""
328,794,"Road-250 Black, 48","BK-R89B-48",1554.9479,2443.35,"48",15.13,4,"2002-07-01 00:00:00",""
329,795,"Road-250 Black, 52","BK-R89B-52",1554.9479,2443.35,"52",15.42,4,"2002-07-01 00:00:00",""
330,796,"Road-250 Black, 58","BK-R89B-58",1554.9479,2443.35,"58",15.68,4,"2002-07-01 00:00:00",""
331,797,"Road-550-W Yellow, 38","BK-R64Y-38",713.0798,1120.49,"38",17.35,4,"2002-07-01 00:00:00",""
332,798,"Road-550-W Yellow, 40","BK-R64Y-40",713.0798,1120.49,"40",17.77,4,"2002-07-01 00:00:00",""
333,799,"Road-550-W Yellow, 42","BK-R64Y-42",713.0798,1120.49,"42",18.13,4,"2002-07-01 00:00:00",""
334,800,"Road-550-W Yellow, 44","BK-R64Y-44",713.0798,1120.49,"44",18.42,4,"2002-07-01 00:00:00",""
335,801,"Road-550-W Yellow, 48","BK-R64Y-48",713.0798,1120.49,"48",18.68,4,"2002-07-01 00:00:00",""
336,802,"LL Fork","FK-1639",65.8097,148.22,"",0.0,1,"2002-07-01 00:00:00","2003-06-30 00:00:00"
337,803,"ML Fork","FK-5136",77.9176,175.49,"",0.0,1,"2002-07-01 00:00:00","2003-06-30 00:00:00"
338,804,"HL Fork","FK-9939",101.8936,229.49,"",0.0,1,"2002-07-01 00:00:00","2003-06-30 00:00:00"
339,805,"LL Headset","HS-0296",15.1848,34.2,"",0.0,1,"2002-07-01 00:00:00","2003-06-30 00:00:00"
340,806,"ML Headset","HS-2451",45.4168,102.29,"",0.0,1,"2002-07-01 00:00:00","2003-06-30 00:00:00"
341,807,"HL Headset","HS-3479",55.3801,124.73,"",0.0,1,"2002-07-01 00:00:00","2003-06-30 00:00:00"
342,808,"LL Mountain Handlebars","HB-M243",19.7758,44.54,"",0.0,1,"2002-07-01 00:00:00",""
343,809,"ML Mountain Handlebars","HB-M763",27.4925,61.92,"",0.0,1,"2002-07-01 00:00:00",""
344,810,"HL Mountain Handlebars","HB-M918",53.3999,120.27,"",0.0,1,"2002-07-01 00:00:00",""
345,811,"LL Road Handlebars","HB-R504",19.7758,44.54,"",0.0,1,"2002-07-01 00:00:00",""
346,812,"ML Road Handlebars","HB-R720",27.4925,61.92,"",0.0,1,"2002-07-01 00:00:00",""
347,813,"HL Road Handlebars","HB-R956",53.3999,120.27,"",0.0,1,"2002-07-01 00:00:00",""
348,814,"ML Mountain Frame - Black, 38","FR-M63B-38",185.8193,348.76,"38",2.73,2,"2002-07-01 00:00:00","2003-06-30 00:00:00"
349,815,"LL Mountain Front Wheel","FW-M423",26.9708,60.745,"",0.0,1,"2002-07-01 00:00:00","2003-06-30 00:00:00"
350,816,"ML Mountain Front Wheel","FW-M762",92.8071,209.025,"",0.0,1,"2002-07-01 00:00:00","2003-06-30 00:00:00"
351,817,"HL Mountain Front Wheel","FW-M928",133.2955,300.215,"",0.0,1,"2002-07-01 00:00:00","2003-06-30 00:00:00"
352,818,"LL Road Front Wheel","FW-R623",37.9909,85.565,"",900.0,1,"2002-07-01 00:00:00","2003-06-30 00:00:00"
353,819,"ML Road Front Wheel","FW-R762",110.2829,248.385,"",850.0,1,"2002-07-01 00:00:00","2003-06-30 00:00:00"
354,820,"HL Road Front Wheel","FW-R820",146.5466,330.06,"",650.0,1,"2002-07-01 00:00:00","2003-06-30 00:00:00"
355,821,"Touring Front Wheel","FW-T905",96.7964,218.01,"",0.0,1,"2002-07-01 00:00:00","2003-06-30 00:00:00"
356,822,"ML Road Frame-W - Yellow, 38","FR-R72Y-38",360.9428,594.83,"38",2.18,2,"2002-07-01 00:00:00",""
357,823,"LL Mountain Rear Wheel","RW-M423",38.9588,87.745,"",0.0,1,"2002-07-01 00:00:00","2003-06-30 00:00:00"
358,824,"ML Mountain Rear Wheel","RW-M762",104.7951,236.025,"",0.0,1,"2002-07-01 00:00:00","2003-06-30 00:00:00"
359,825,"HL Mountain Rear Wheel","RW-M928",145.2835,327.215,"",0.0,1,"2002-07-01 00:00:00","2003-06-30 00:00:00"
360,826,"LL Road Rear Wheel","RW-R623",49.9789,112.565,"",1050.0,1,"2002-07-01 00:00:00","2003-06-30 00:00:00"
361,827,"ML Road Rear Wheel","RW-R762",122.2709,275.385,"",1000.0,1,"2002-07-01 00:00:00","2003-06-30 00:00:00"
362,828,"HL Road Rear Wheel","RW-R820",158.5346,357.06,"",890.0,1,"2002-07-01 00:00:00","2003-06-30 00:00:00"
363,829,"Touring Rear Wheel","RW-T905",108.7844,245.01,"",0.0,1,"2002-07-01 00:00:00","2003-06-30 00:00:00"
364,830,"ML Mountain Frame - Black, 40","FR-M63B-40",185.8193,348.76,"40",2.77,1,"2002-07-01 00:00:00","2003-06-30 00:00:00"
365,831,"ML Mountain Frame - Black, 44","FR-M63B-44",185.8193,348.76,"44",2.81,1,"2002-07-01 00:00:00","2003-06-30 00:00:00"
366,832,"ML Mountain Frame - Black, 48","FR-M63B-48",185.8193,348.76,"48",2.85,1,"2002-07-01 00:00:00","2003-06-30 00:00:00"
367,833,"ML Road Frame-W - Yellow, 40","FR-R72Y-40",360.9428,594.83,"40",2.22,1,"2002-07-01 00:00:00",""
368,834,"ML Road Frame-W - Yellow, 42","FR-R72Y-42",360.9428,594.83,"42",2.26,1,"2002-07-01 00:00:00",""
369,835,"ML Road Frame-W - Yellow, 44","FR-R72Y-44",360.9428,594.83,"44",2.3,1,"2002-07-01 00:00:00",""
370,836,"ML Road Frame-W - Yellow, 48","FR-R72Y-48",360.9428,594.83,"48",2.34,1,"2002-07-01 00:00:00",""
371,837,"HL Road Frame - Black, 62","FR-R92B-62",868.6342,1431.5,"62",2.3,1,"2002-07-01 00:00:00",""
372,838,"HL Road Frame - Black, 44","FR-R92B-44",868.6342,1431.5,"44",2.12,1,"2002-07-01 00:00:00",""
373,839,"HL Road Frame - Black, 48","FR-R92B-48",868.6342,1431.5,"48",2.16,1,"2002-07-01 00:00:00",""
374,840,"HL Road Frame - Black, 52","FR-R92B-52",868.6342,1431.5,"52",2.2,1,"2002-07-01 00:00:00",""
375,841,"Men's Sports Shorts, S","SH-M897-S",24.7459,59.99,"S",0.0,0,"2002-07-01 00:00:00","2003-06-30 00:00:00"
376,842,"Touring-Panniers, Large","PA-T100",51.5625,125.0,"",0.0,0,"2002-07-01 00:00:00","2003-06-30 00:00:00"
377,843,"Cable Lock","LO-C100",10.3125,25.0,"",0.0,0,"2002-07-01 00:00:00","2003-06-30 00:00:00"
378,844,"Minipump","PU-0452",8.2459,19.99,"",0.0,0,"2002-07-01 00:00:00","2003-06-30 00:00:00"
379,845,"Mountain Pump","PU-M044",10.3084,24.99,"",0.0,0,"2002-07-01 00:00:00","2003-06-30 00:00:00"
380,846,"Taillights - Battery-Powered","LT-T990",5.7709,13.99,"",0.0,0,"2002-07-01 00:00:00","2003-06-30 00:00:00"
381,847,"Headlights - Dual-Beam","LT-H902",14.4334,34.99,"",0.0,0,"2002-07-01 00:00:00","2003-06-30 00:00:00"
382,848,"Headlights - Weatherproof","LT-H903",18.5584,44.99,"",0.0,0,"2002-07-01 00:00:00","2003-06-30 00:00:00"
383,849,"Men's Sports Shorts, M","SH-M897-M",24.7459,59.99,"M",0.0,0,"2002-07-01 00:00:00","2003-06-30 00:00:00"
384,850,"Men's Sports Shorts, L","SH-M897-L",24.7459,59.99,"L",0.0,0,"2002-07-01 00:00:00","2003-06-30 00:00:00"
385,851,"Men's Sports Shorts, XL","SH-M897-X",24.7459,59.99,"XL",0.0,0,"2002-07-01 00:00:00","2003-06-30 00:00:00"
386,852,"Women's Tights, S","TG-W091-S",30.9334,74.99,"S",0.0,0,"2002-07-01 00:00:00","2003-06-30 00:00:00"
387,853,"Women's Tights, M","TG-W091-M",30.9334,74.99,"M",0.0,0,"2002-07-01 00:00:00","2003-06-30 00:00:00"
388,854,"Women's Tights, L","TG-W091-L",30.9334,74.99,"L",0.0,0,"2002-07-01 00:00:00","2003-06-30 00:00:00"
389,855,"Men's Bib-Shorts, S","SB-M891-S",37.1209,89.99,"S",0.0,0,"2002-07-01 00:00:00","2003-06-30 00:00:00"
390,856,"Men's Bib-Shorts, M","SB-M891-M",37.1209,89.99,"M",0.0,0,"2002-07-01 00:00:00","2003-06-30 00:00:00"
391,857,"Men's Bib-Shorts, L","SB-M891-L",37.1209,89.99,"L",0.0,0,"2002-07-01 00:00:00","2003-06-30 00:00:00"
392,858,"Half-Finger Gloves, S","GL-H102-S",9.1593,24.49,"S",0.0,0,"2002-07-01 00:00:00",""
393,859,"Half-Finger Gloves, M","GL-H102-M",9.1593,24.49,"M",0.0,0,"2002-07-01 00:00:00",""
394,860,"Half-Finger Gloves, L","GL-H102-L",9.1593,24.49,"L",0.0,0,"2002-07-01 00:00:00",""
395,861,"Full-Finger Gloves, S","GL-F110-S",15.6709,37.99,"S",0.0,0,"2002-07-01 00:00:00","2003-06-30 00:00:00"
396,862,"Full-Finger Gloves, M","GL-F110-M",15.6709,37.99,"M",0.0,0,"2002-07-01 00:00:00","2003-06-30 00:00:00"
397,863,"Full-Finger Gloves, L","GL-F110-L",15.6709,37.99,"L",0.0,0,"2002-07-01 00:00:00","2003-06-30 00:00:00"
398,864,"Classic Vest, S","VE-C304-S",23.749,63.5,"S",0.0,0,"2003-07-01 00:00:00",""
399,865,"Classic Vest, M","VE-C304-M",23.749,63.5,"M",0.0,0,"2003-07-01 00:00:00",""
400,866,"Classic Vest, L","VE-C304-L",23.749,63.5,"L",0.0,0,"2003-07-01 00:00:00",""
401,867,"Women's Mountain Shorts, S","SH-W890-S",26.1763,69.99,"S",0.0,0,"2003-07-01 00:00:00",""
402,868,"Women's Mountain Shorts, M","SH-W890-M",26.1763,69.99,"M",0.0,0,"2003-07-01 00:00:00",""
403,869,"Women's Mountain Shorts, L","SH-W890-L",26.1763,69.99,"L",0.0,0,"2003-07-01 00:00:00",""
404,870,"Water Bottle - 30 oz.","WB-H098",1.8663,4.99,"",0.0,0,"2003-07-01 00:00:00",""
405,871,"Mountain Bottle Cage","BC-M005",3.7363,9.99,"",0.0,0,"2003-07-01 00:00:00",""
406,872,"Road Bottle Cage","BC-R205",3.3623,8.99,"",0.0,0,"2003-07-01 00:00:00",""
407,873,"Patch Kit/8 Patches","PK-7098",0.8565,2.29,"",0.0,0,"2003-07-01 00:00:00",""
408,874,"Racing Socks, M","SO-R809-M",3.3623,8.99,"M",0.0,0,"2003-07-01 00:00:00",""
409,875,"Racing Socks, L","SO-R809-L",3.3623,8.99,"L",0.0,0,"2003-07-01 00:00:00",""
410,876,"Hitch Rack - 4-Bike","RA-H123",44.88,120.0,"",0.0,0,"2003-07-01 00:00:00",""
411,877,"Bike Wash - Dissolver","CL-9009",2.9733,7.95,"",0.0,0,"2003-07-01 00:00:00",""
412,878,"Fender Set - Mountain","FE-6654",8.2205,21.98,"",0.0,0,"2003-07-01 00:00:00",""
413,879,"All-Purpose Bike Stand","ST-1401",59.466,159.0,"",0.0,0,"2003-07-01 00:00:00",""
414,880,"Hydration Pack - 70 oz.","HY-1023-70",20.5663,54.99,"70",0.0,0,"2003-07-01 00:00:00",""
415,881,"Short-Sleeve Classic Jersey, S","SJ-0194-S",41.5723,53.99,"S",0.0,0,"2003-07-01 00:00:00",""
416,882,"Short-Sleeve Classic Jersey, M","SJ-0194-M",41.5723,53.99,"M",0.0,0,"2003-07-01 00:00:00",""
417,883,"Short-Sleeve Classic Jersey, L","SJ-0194-L",41.5723,53.99,"L",0.0,0,"2003-07-01 00:00:00",""
418,884,"Short-Sleeve Classic Jersey, XL","SJ-0194-X",41.5723,53.99,"XL",0.0,0,"2003-07-01 00:00:00",""
419,885,"HL Touring Frame - Yellow, 60","FR-T98Y-60",601.7437,1003.91,"60",3.08,1,"2003-07-01 00:00:00",""
420,886,"LL Touring Frame - Yellow, 62","FR-T67Y-62",199.8519,333.42,"62",3.2,1,"2003-07-01 00:00:00",""
421,887,"HL Touring Frame - Yellow, 46","FR-T98Y-46",601.7437,1003.91,"46",2.96,1,"2003-07-01 00:00:00",""
422,888,"HL Touring Frame - Yellow, 50","FR-T98Y-50",601.7437,1003.91,"50",3.0,1,"2003-07-01 00:00:00",""
423,889,"HL Touring Frame - Yellow, 54","FR-T98Y-54",601.7437,1003.91,"54",3.04,1,"2003-07-01 00:00:00",""
424,890,"HL Touring Frame - Blue, 46","FR-T98U-46",601.7437,1003.91,"46",2.96,1,"2003-07-01 00:00:00",""
425,891,"HL Touring Frame - Blue, 50","FR-T98U-50",601.7437,1003.91,"50",3.0,1,"2003-07-01 00:00:00",""
426,892,"HL Touring Frame - Blue, 54","FR-T98U-54",601.7437,1003.91,"54",3.04,1,"2003-07-01 00:00:00",""
427,893,"HL Touring Frame - Blue, 60","FR-T98U-60",601.7437,1003.91,"60",3.08,1,"2003-07-01 00:00:00",""
428,894,"Rear Derailleur","RD-2308",53.9282,121.46,"",215.0,1,"2003-07-01 00:00:00",""
429,895,"LL Touring Frame - Blue, 50","FR-T67U-50",199.8519,333.42,"50",3.1,1,"2003-07-01 00:00:00",""
430,896,"LL Touring Frame - Blue, 54","FR-T67U-54",199.8519,333.42,"54",3.14,1,"2003-07-01 00:00:00",""
431,897,"LL Touring Frame - Blue, 58","FR-T67U-58",199.8519,333.42,"58",3.16,1,"2003-07-01 00:00:00",""
432,898,"LL Touring Frame - Blue, 62","FR-T67U-62",199.8519,333.42,"62",3.2,1,"2003-07-01 00:00:00",""
433,899,"LL Touring Frame - Yellow, 44","FR-T67Y-44",199.8519,333.42,"44",3.02,1,"2003-07-01 00:00:00",""
434,900,"LL Touring Frame - Yellow, 50","FR-T67Y-50",199.8519,333.42,"50",3.1,1,"2003-07-01 00:00:00",""
435,901,"LL Touring Frame - Yellow, 54","FR-T67Y-54",199.8519,333.42,"54",3.14,1,"2003-07-01 00:00:00",""
436,902,"LL Touring Frame - Yellow, 58","FR-T67Y-58",199.8519,333.42,"58",3.16,1,"2003-07-01 00:00:00",""
437,903,"LL Touring Frame - Blue, 44","FR-T67U-44",199.8519,333.42,"44",3.02,1,"2003-07-01 00:00:00",""
438,904,"ML Mountain Frame-W - Silver, 40","FR-M63S-40",199.3757,364.09,"40",2.77,1,"2003-07-01 00:00:00",""
439,905,"ML Mountain Frame-W - Silver, 42","FR-M63S-42",199.3757,364.09,"42",2.81,1,"2003-07-01 00:00:00",""
440,906,"ML Mountain Frame-W - Silver, 46","FR-M63S-46",199.3757,364.09,"46",2.85,1,"2003-07-01 00:00:00",""
441,907,"Rear Brakes","RB-9231",47.286,106.5,"",317.0,1,"2003-07-01 00:00:00",""
442,908,"LL Mountain Seat/Saddle","SE-M236",12.0413,27.12,"",0.0,1,"2003-07-01 00:00:00",""
443,909,"ML Mountain Seat/Saddle","SE-M798",17.3782,39.14,"",0.0,1,"2003-07-01 00:00:00",""
444,910,"HL Mountain Seat/Saddle","SE-M940",23.3722,52.64,"",0.0,1,"2003-07-01 00:00:00",""
445,911,"LL Road Seat/Saddle","SE-R581",12.0413,27.12,"",0.0,1,"2003-07-01 00:00:00",""
446,912,"ML Road Seat/Saddle","SE-R908",17.3782,39.14,"",0.0,1,"2003-07-01 00:00:00",""
447,913,"HL Road Seat/Saddle","SE-R995",23.3722,52.64,"",0.0,1,"2003-07-01 00:00:00",""
448,914,"LL Touring Seat/Saddle","SE-T312",12.0413,27.12,"",0.0,1,"2003-07-01 00:00:00",""
449,915,"ML Touring Seat/Saddle","SE-T762",17.3782,39.14,"",0.0,1,"2003-07-01 00:00:00",""
450,916,"HL Touring Seat/Saddle","SE-T924",23.3722,52.64,"",0.0,1,"2003-07-01 00:00:00",""
451,917,"LL Mountain Frame - Silver, 42","FR-M21S-42",144.5938,264.05,"42",2.92,1,"2003-07-01 00:00:00",""
452,918,"LL Mountain Frame - Silver, 44","FR-M21S-44",144.5938,264.05,"44",2.96,1,"2003-07-01 00:00:00",""
453,919,"LL Mountain Frame - Silver, 48","FR-M21S-48",144.5938,264.05,"48",3.0,1,"2003-07-01 00:00:00",""
454,920,"LL Mountain Frame - Silver, 52","FR-M21S-52",144.5938,264.05,"52",3.04,1,"2003-07-01 00:00:00",""
455,921,"Mountain Tire Tube","TT-M928",1.8663,4.99,"",0.0,0,"2003-07-01 00:00:00",""
456,922,"Road Tire Tube","TT-R982",1.4923,3.99,"",0.0,0,"2003-07-01 00:00:00",""
457,923,"Touring Tire Tube","TT-T092",1.8663,4.99,"",0.0,0,"2003-07-01 00:00:00",""
458,924,"LL Mountain Frame - Black, 42","FR-M21B-42",136.785,249.79,"42",2.92,1,"2003-07-01 00:00:00",""
459,925,"LL Mountain Frame - Black, 44","FR-M21B-44",136.785,249.79,"44",2.96,1,"2003-07-01 00:00:00",""
460,926,"LL Mountain Frame - Black, 48","FR-M21B-48",136.785,249.79,"48",3.0,1,"2003-07-01 00:00:00",""
461,927,"LL Mountain Frame - Black, 52","FR-M21B-52",136.785,249.79,"52",3.04,1,"2003-07-01 00:00:00",""
462,928,"LL Mountain Tire","TI-M267",9.3463,24.99,"",0.0,0,"2003-07-01 00:00:00",""
463,929,"ML Mountain Tire","TI-M602",11.2163,29.99,"",0.0,0,"2003-07-01 00:00:00",""
464,930,"HL Mountain Tire","TI-M823",13.09,35.0,"",0.0,0,"2003-07-01 00:00:00",""
465,931,"LL Road Tire","TI-R092",8.0373,21.49,"",0.0,0,"2003-07-01 00:00:00",""
466,932,"ML Road Tire","TI-R628",9.3463,24.99,"",0.0,0,"2003-07-01 00:00:00",""
467,933,"HL Road Tire","TI-R982",12.1924,32.6,"",0.0,0,"2003-07-01 00:00:00",""
468,934,"Touring Tire","TI-T723",10.8423,28.99,"",0.0,0,"2003-07-01 00:00:00",""
469,935,"LL Mountain Pedal","PD-M282",17.9776,40.49,"",218.0,1,"2003-07-01 00:00:00",""
470,936,"ML Mountain Pedal","PD-M340",27.568,62.09,"",215.0,1,"2003-07-01 00:00:00",""
471,937,"HL Mountain Pedal","PD-M562",35.9596,80.99,"",185.0,1,"2003-07-01 00:00:00",""
472,938,"LL Road Pedal","PD-R347",17.9776,40.49,"",189.0,1,"2003-07-01 00:00:00",""
473,939,"ML Road Pedal","PD-R563",27.568,62.09,"",168.0,1,"2003-07-01 00:00:00",""
474,940,"HL Road Pedal","PD-R853",35.9596,80.99,"",149.0,1,"2003-07-01 00:00:00",""
475,941,"Touring Pedal","PD-T852",35.9596,80.99,"",0.0,1,"2003-07-01 00:00:00",""
476,942,"ML Mountain Frame-W - Silver, 38","FR-M63S-38",199.3757,364.09,"38",2.73,2,"2003-07-01 00:00:00",""
477,943,"LL Mountain Frame - Black, 40","FR-M21B-40",136.785,249.79,"40",2.88,2,"2003-07-01 00:00:00",""
478,944,"LL Mountain Frame - Silver, 40","FR-M21S-40",144.5938,264.05,"40",2.88,2,"2003-07-01 00:00:00",""
479,945,"Front Derailleur","FD-2342",40.6216,91.49,"",88.0,1,"2003-07-01 00:00:00",""
480,946,"LL Touring Handlebars","HB-T721",20.464,46.09,"",0.0,1,"2003-07-01 00:00:00",""
481,947,"HL Touring Handlebars","HB-T928",40.6571,91.57,"",0.0,1,"2003-07-01 00:00:00",""
482,948,"Front Brakes","FB-9873",47.286,106.5,"",317.0,1,"2003-07-01 00:00:00",""
483,949,"LL Crankset","CS-4759",77.9176,175.49,"",600.0,1,"2003-07-01 00:00:00",""
484,950,"ML Crankset","CS-6583",113.8816,256.49,"",635.0,1,"2003-07-01 00:00:00",""
485,951,"HL Crankset","CS-9183",179.8156,404.99,"",575.0,1,"2003-07-01 00:00:00",""
486,952,"Chain","CH-0234",8.9866,20.24,"",0.0,1,"2003-07-01 00:00:00",""
487,953,"Touring-2000 Blue, 60","BK-T44U-60",755.1508,1214.85,"60",27.9,4,"2003-07-01 00:00:00",""
488,954,"Touring-1000 Yellow, 46","BK-T79Y-46",1481.9379,2384.07,"46",25.13,4,"2003-07-01 00:00:00",""
489,955,"Touring-1000 Yellow, 50","BK-T79Y-50",1481.9379,2384.07,"50",25.42,4,"2003-07-01 00:00:00",""
490,956,"Touring-1000 Yellow, 54","BK-T79Y-54",1481.9379,2384.07,"54",25.68,4,"2003-07-01 00:00:00",""
491,957,"Touring-1000 Yellow, 60","BK-T79Y-60",1481.9379,2384.07,"60",25.9,4,"2003-07-01 00:00:00",""
492,958,"Touring-3000 Blue, 54","BK-T18U-54",461.4448,742.35,"54",29.68,4,"2003-07-01 00:00:00",""
493,959,"Touring-3000 Blue, 58","BK-T18U-58",461.4448,742.35,"58",29.9,4,"2003-07-01 00:00:00",""
494,960,"Touring-3000 Blue, 62","BK-T18U-62",461.4448,742.35,"62",30.0,4,"2003-07-01 00:00:00",""
495,961,"Touring-3000 Yellow, 44","BK-T18Y-44",461.4448,742.35,"44",28.77,4,"2003-07-01 00:00:00",""
496,962,"Touring-3000 Yellow, 50","BK-T18Y-50",461.4448,742.35,"50",29.13,4,"2003-07-01 00:00:00",""
497,963,"Touring-3000 Yellow, 54","BK-T18Y-54",461.4448,742.35,"54",29.42,4,"2003-07-01 00:00:00",""
498,964,"Touring-3000 Yellow, 58","BK-T18Y-58",461.4448,742.35,"58",29.79,4,"2003-07-01 00:00:00",""
499,965,"Touring-3000 Yellow, 62","BK-T18Y-62",461.4448,742.35,"62",30.0,4,"2003-07-01 00:00:00",""
500,966,"Touring-1000 Blue, 46","BK-T79U-46",1481.9379,2384.07,"46",25.13,4,"2003-07-01 00:00:00",""
501,967,"Touring-1000 Blue, 50","BK-T79U-50",1481.9379,2384.07,"50",25.42,4,"2003-07-01 00:00:00",""
502,968,"Touring-1000 Blue, 54","BK-T79U-54",1481.9379,2384.07,"54",25.68,4,"2003-07-01 00:00:00",""
503,969,"Touring-1000 Blue, 60","BK-T79U-60",1481.9379,2384.07,"60",25.9,4,"2003-07-01 00:00:00",""
504,970,"Touring-2000 Blue, 46","BK-T44U-46",755.1508,1214.85,"46",27.13,4,"2003-07-01 00:00:00",""
505,971,"Touring-2000 Blue, 50","BK-T44U-50",755.1508,1214.85,"50",27.42,4,"2003-07-01 00:00:00",""
506,972,"Touring-2000 Blue, 54","BK-T44U-54",755.1508,1214.85,"54",27.68,4,"2003-07-01 00:00:00",""
507,973,"Road-350-W Yellow, 40","BK-R79Y-40",1082.51,1700.99,"40",15.35,4,"2003-07-01 00:00:00",""
508,974,"Road-350-W Yellow, 42","BK-R79Y-42",1082.51,1700.99,"42",15.77,4,"2003-07-01 00:00:00",""
509,975,"Road-350-W Yellow, 44","BK-R79Y-44",1082.51,1700.99,"44",16.13,4,"2003-07-01 00:00:00",""
510,976,"Road-350-W Yellow, 48","BK-R79Y-48",1082.51,1700.99,"48",16.42,4,"2003-07-01 00:00:00",""
511,977,"Road-750 Black, 58","BK-R19B-58",343.6496,539.99,"58",20.79,4,"2003-07-01 00:00:00",""
512,978,"Touring-3000 Blue, 44","BK-T18U-44",461.4448,742.35,"44",28.77,4,"2003-07-01 00:00:00",""
513,979,"Touring-3000 Blue, 50","BK-T18U-50",461.4448,742.35,"50",29.13,4,"2003-07-01 00:00:00",""
514,980,"Mountain-400-W Silver, 38","BK-M38S-38",419.7784,769.49,"38",26.35,4,"2003-07-01 00:00:00",""
515,981,"Mountain-400-W Silver, 40","BK-M38S-40",419.7784,769.49,"40",26.77,4,"2003-07-01 00:00:00",""
516,982,"Mountain-400-W Silver, 42","BK-M38S-42",419.7784,769.49,"42",27.13,4,"2003-07-01 00:00:00",""
517,983,"Mountain-400-W Silver, 46","BK-M38S-46",419.7784,769.49,"46",27.42,4,"2003-07-01 00:00:00",""
518,984,"Mountain-500 Silver, 40","BK-M18S-40",308.2179,564.99,"40",27.35,4,"2003-07-01 00:00:00",""
519,985,"Mountain-500 Silver, 42","BK-M18S-42",308.2179,564.99,"42",27.77,4,"2003-07-01 00:00:00",""
520,986,"Mountain-500 Silver, 44","BK-M18S-44",308.2179,564.99,"44",28.13,4,"2003-07-01 00:00:00",""
521,987,"Mountain-500 Silver, 48","BK-M18S-48",308.2179,564.99,"48",28.42,4,"2003-07-01 00:00:00",""
522,988,"Mountain-500 Silver, 52","BK-M18S-52",308.2179,564.99,"52",28.68,4,"2003-07-01 00:00:00",""
523,989,"Mountain-500 Black, 40","BK-M18B-40",294.5797,539.99,"40",27.35,4,"2003-07-01 00:00:00",""
524,990,"Mountain-500 Black, 42","BK-M18B-42",294.5797,539.99,"42",27.77,4,"2003-07-01 00:00:00",""
525,991,"Mountain-500 Black, 44","BK-M18B-44",294.5797,539.99,"44",28.13,4,"2003-07-01 00:00:00",""
526,992,"Mountain-500 Black, 48","BK-M18B-48",294.5797,539.99,"48",28.42,4,"2003-07-01 00:00:00",""
527,993,"Mountain-500 Black, 52","BK-M18B-52",294.5797,539.99,"52",28.68,4,"2003-07-01 00:00:00",""
528,994,"LL Bottom Bracket","BB-7421",23.9716,53.99,"",223.0,1,"2003-07-01 00:00:00",""
529,995,"ML Bottom Bracket","BB-8107",44.9506,101.24,"",168.0,1,"2003-07-01 00:00:00",""
530,996,"HL Bottom Bracket","BB-9108",53.9416,121.49,"",170.0,1,"2003-07-01 00:00:00",""
531,997,"Road-750 Black, 44","BK-R19B-44",343.6496,539.99,"44",19.77,4,"2003-07-01 00:00:00",""
532,998,"Road-750 Black, 48","BK-R19B-48",343.6496,539.99,"48",20.13,4,"2003-07-01 00:00:00",""
533,999,"Road-750 Black, 52","BK-R19B-52",343.6496,539.99,"52",20.42,4,"2003-07-01 00:00:00",""
534,1,"Adjustable Race","AR-5381",0.0,0.0,"",0.0,0,"1998-06-01 00:00:00",""
535,2,"Bearing Ball","BA-8327",0.0,0.0,"",0.0,0,"1998-06-01 00:00:00",""
536,3,"BB Ball Bearing","BE-2349",0.0,0.0,"",0.0,1,"1998-06-01 00:00:00",""
537,4,"Headset Ball Bearings","BE-2908",0.0,0.0,"",0.0,0,"1998-06-01 00:00:00",""
538,316,"Blade","BL-2036",0.0,0.0,"",0.0,1,"1998-06-01 00:00:00",""
539,317,"LL Crankarm","CA-5965",0.0,0.0,"",0.0,0,"1998-06-01 00:00:00",""
540,318,"ML Crankarm","CA-6738",0.0,0.0,"",0.0,0,"1998-06-01 00:00:00",""
541,319,"HL Crankarm","CA-7457",0.0,0.0,"",0.0,0,"1998-06-01 00:00:00",""
542,320,"Chainring Bolts","CB-2903",0.0,0.0,"",0.0,0,"1998-06-01 00:00:00",""
543,321,"Chainring Nut","CN-6137",0.0,0.0,"",0.0,0,"1998-06-01 00:00:00",""
544,322,"Chainring","CR-7833",0.0,0.0,"",0.0,0,"1998-06-01 00:00:00",""
545,323,"Crown Race","CR-9981",0.0,0.0,"",0.0,0,"1998-06-01 00:00:00",""
546,324,"Chain Stays","CS-2812",0.0,0.0,"",0.0,1,"1998-06-01 00:00:00",""
547,325,"Decal 1","DC-8732",0.0,0.0,"",0.0,0,"1998-06-01 00:00:00",""
548,326,"Decal 2","DC-9824",0.0,0.0,"",0.0,0,"1998-06-01 00:00:00",""
549,327,"Down Tube","DT-2377",0.0,0.0,"",0.0,1,"1998-06-01 00:00:00",""
550,328,"Mountain End Caps","EC-M092",0.0,0.0,"",0.0,1,"1998-06-01 00:00:00",""
551,329,"Road End Caps","EC-R098",0.0,0.0,"",0.0,1,"1998-06-01 00:00:00",""
552,330,"Touring End Caps","EC-T209",0.0,0.0,"",0.0,1,"1998-06-01 00:00:00",""
553,331,"Fork End","FE-3760",0.0,0.0,"",0.0,1,"1998-06-01 00:00:00",""
554,332,"Freewheel","FH-2981",0.0,0.0,"",0.0,0,"1998-06-01 00:00:00",""
555,341,"Flat Washer 1","FW-1000",0.0,0.0,"",0.0,0,"1998-06-01 00:00:00",""
556,342,"Flat Washer 6","FW-1200",0.0,0.0,"",0.0,0,"1998-06-01 00:00:00",""
557,343,"Flat Washer 2","FW-1400",0.0,0.0,"",0.0,0,"1998-06-01 00:00:00",""
558,344,"Flat Washer 9","FW-3400",0.0,0.0,"",0.0,0,"1998-06-01 00:00:00",""
559,345,"Flat Washer 4","FW-3800",0.0,0.0,"",0.0,0,"1998-06-01 00:00:00",""
560,346,"Flat Washer 3","FW-5160",0.0,0.0,"",0.0,0,"1998-06-01 00:00:00",""
561,347,"Flat Washer 8","FW-5800",0.0,0.0,"",0.0,0,"1998-06-01 00:00:00",""
562,348,"Flat Washer 5","FW-7160",0.0,0.0,"",0.0,0,"1998-06-01 00:00:00",""
563,349,"Flat Washer 7","FW-9160",0.0,0.0,"",0.0,0,"1998-06-01 00:00:00",""
564,350,"Fork Crown","FC-3654",0.0,0.0,"",0.0,1,"1998-06-01 00:00:00",""
565,351,"Front Derailleur Cage","FC-3982",0.0,0.0,"",0.0,0,"1998-06-01 00:00:00",""
566,352,"Front Derailleur Linkage","FL-2301",0.0,0.0,"",0.0,0,"1998-06-01 00:00:00",""
567,355,"Guide Pulley","GP-0982",0.0,0.0,"",0.0,0,"1998-06-01 00:00:00",""
568,356,"LL Grip Tape","GT-0820",0.0,0.0,"",0.0,0,"1998-06-01 00:00:00",""
569,357,"ML Grip Tape","GT-1209",0.0,0.0,"",0.0,0,"1998-06-01 00:00:00",""
570,358,"HL Grip Tape","GT-2908",0.0,0.0,"",0.0,0,"1998-06-01 00:00:00",""
571,359,"Thin-Jam Hex Nut 9","HJ-1213",0.0,0.0,"",0.0,0,"1998-06-01 00:00:00",""
572,360,"Thin-Jam Hex Nut 10","HJ-1220",0.0,0.0,"",0.0,0,"1998-06-01 00:00:00",""
573,361,"Thin-Jam Hex Nut 1","HJ-1420",0.0,0.0,"",0.0,0,"1998-06-01 00:00:00",""
574,362,"Thin-Jam Hex Nut 2","HJ-1428",0.0,0.0,"",0.0,0,"1998-06-01 00:00:00",""
575,363,"Thin-Jam Hex Nut 15","HJ-3410",0.0,0.0,"",0.0,0,"1998-06-01 00:00:00",""
576,364,"Thin-Jam Hex Nut 16","HJ-3416",0.0,0.0,"",0.0,0,"1998-06-01 00:00:00",""
577,365,"Thin-Jam Hex Nut 5","HJ-3816",0.0,0.0,"",0.0,0,"1998-06-01 00:00:00",""
578,366,"Thin-Jam Hex Nut 6","HJ-3824",0.0,0.0,"",0.0,0,"1998-06-01 00:00:00",""
579,367,"Thin-Jam Hex Nut 3","HJ-5161",0.0,0.0,"",0.0,0,"1998-06-01 00:00:00",""
580,368,"Thin-Jam Hex Nut 4","HJ-5162",0.0,0.0,"",0.0,0,"1998-06-01 00:00:00",""
581,369,"Thin-Jam Hex Nut 13","HJ-5811",0.0,0.0,"",0.0,0,"1998-06-01 00:00:00",""
582,370,"Thin-Jam Hex Nut 14","HJ-5818",0.0,0.0,"",0.0,0,"1998-06-01 00:00:00",""
583,371,"Thin-Jam Hex Nut 7","HJ-7161",0.0,0.0,"",0.0,0,"1998-06-01 00:00:00",""
584,372,"Thin-Jam Hex Nut 8","HJ-7162",0.0,0.0,"",0.0,0,"1998-06-01 00:00:00",""
585,373,"Thin-Jam Hex Nut 12","HJ-9080",0.0,0.0,"",0.0,0,"1998-06-01 00:00:00",""
586,374,"Thin-Jam Hex Nut 11","HJ-9161",0.0,0.0,"",0.0,0,"1998-06-01 00:00:00",""
587,375,"Hex Nut 5","HN-1024",0.0,0.0,"",0.0,0,"1998-06-01 00:00:00",""
588,376,"Hex Nut 6","HN-1032",0.0,0.0,"",0.0,0,"1998-06-01 00:00:00",""
589,377,"Hex Nut 16","HN-1213",0.0,0.0,"",0.0,0,"1998-06-01 00:00:00",""
590,378,"Hex Nut 17","HN-1220",0.0,0.0,"",0.0,0,"1998-06-01 00:00:00",""
591,379,"Hex Nut 7","HN-1224",0.0,0.0,"",0.0,0,"1998-06-01 00:00:00",""
592,380,"Hex Nut 8","HN-1420",0.0,0.0,"",0.0,0,"1998-06-01 00:00:00",""
593,381,"Hex Nut 9","HN-1428",0.0,0.0,"",0.0,0,"1998-06-01 00:00:00",""
594,382,"Hex Nut 22","HN-3410",0.0,0.0,"",0.0,0,"1998-06-01 00:00:00",""
595,383,"Hex Nut 23","HN-3416",0.0,0.0,"",0.0,0,"1998-06-01 00:00:00",""
596,384,"Hex Nut 12","HN-3816",0.0,0.0,"",0.0,0,"1998-06-01 00:00:00",""
597,385,"Hex Nut 13","HN-3824",0.0,0.0,"",0.0,0,"1998-06-01 00:00:00",""
598,386,"Hex Nut 1","HN-4402",0.0,0.0,"",0.0,0,"1998-06-01 00:00:00",""
599,387,"Hex Nut 10","HN-5161",0.0,0.0,"",0.0,0,"1998-06-01 00:00:00",""
600,388,"Hex Nut 11","HN-5162",0.0,0.0,"",0.0,0,"1998-06-01 00:00:00",""
601,389,"Hex Nut 2","HN-5400",0.0,0.0,"",0.0,0,"1998-06-01 00:00:00",""
602,390,"Hex Nut 20","HN-5811",0.0,0.0,"",0.0,0,"1998-06-01 00:00:00",""
603,391,"Hex Nut 21","HN-5818",0.0,0.0,"",0.0,0,"1998-06-01 00:00:00",""
604,392,"Hex Nut 3","HN-6320",0.0,0.0,"",0.0,0,"1998-06-01 00:00:00",""
605,393,"Hex Nut 14","HN-7161",0.0,0.0,"",0.0,0,"1998-06-01 00:00:00",""
606,394,"Hex Nut 15","HN-7162",0.0,0.0,"",0.0,0,"1998-06-01 00:00:00",""
607,395,"Hex Nut 4","HN-8320",0.0,0.0,"",0.0,0,"1998-06-01 00:00:00",""
608,396,"Hex Nut 18","HN-9161",0.0,0.0,"",0.0,0,"1998-06-01 00:00:00",""
609,397,"Hex Nut 19","HN-9168",0.0,0.0,"",0.0,0,"1998-06-01 00:00:00",""
610,398,"Handlebar Tube","HT-2981",0.0,0.0,"",0.0,1,"1998-06-01 00:00:00",""
611,399,"Head Tube","HT-8019",0.0,0.0,"",0.0,1,"1998-06-01 00:00:00",""
612,400,"LL Hub","HU-6280",0.0,0.0,"",0.0,1,"1998-06-01 00:00:00",""
613,401,"HL Hub","HU-8998",0.0,0.0,"",0.0,1,"1998-06-01 00:00:00",""
614,402,"Keyed Washer","KW-4091",0.0,0.0,"",0.0,0,"1998-06-01 00:00:00",""
615,403,"External Lock Washer 3","LE-1000",0.0,0.0,"",0.0,0,"1998-06-01 00:00:00",""
616,404,"External Lock Washer 4","LE-1200",0.0,0.0,"",0.0,0,"1998-06-01 00:00:00",""
617,405,"External Lock Washer 9","LE-1201",0.0,0.0,"",0.0,0,"1998-06-01 00:00:00",""
618,406,"External Lock Washer 5","LE-1400",0.0,0.0,"",0.0,0,"1998-06-01 00:00:00",""
619,407,"External Lock Washer 7","LE-3800",0.0,0.0,"",0.0,0,"1998-06-01 00:00:00",""
620,408,"External Lock Washer 6","LE-5160",0.0,0.0,"",0.0,0,"1998-06-01 00:00:00",""
621,409,"External Lock Washer 1","LE-6000",0.0,0.0,"",0.0,0,"1998-06-01 00:00:00",""
622,410,"External Lock Washer 8","LE-7160",0.0,0.0,"",0.0,0,"1998-06-01 00:00:00",""
623,411,"External Lock Washer 2","LE-8000",0.0,0.0,"",0.0,0,"1998-06-01 00:00:00",""
624,412,"Internal Lock Washer 3","LI-1000",0.0,0.0,"",0.0,0,"1998-06-01 00:00:00",""
625,413,"Internal Lock Washer 4","LI-1200",0.0,0.0,"",0.0,0,"1998-06-01 00:00:00",""
626,414,"Internal Lock Washer 9","LI-1201",0.0,0.0,"",0.0,0,"1998-06-01 00:00:00",""
627,415,"Internal Lock Washer 5","LI-1400",0.0,0.0,"",0.0,0,"1998-06-01 00:00:00",""
628,416,"Internal Lock Washer 7","LI-3800",0.0,0.0,"",0.0,0,"1998-06-01 00:00:00",""
629,417,"Internal Lock Washer 6","LI-5160",0.0,0.0,"",0.0,0,"1998-06-01 00:00:00",""
630,418,"Internal Lock Washer 10","LI-5800",0.0,0.0,"",0.0,0,"1998-06-01 00:00:00",""
631,419,"Internal Lock Washer 1","LI-6000",0.0,0.0,"",0.0,0,"1998-06-01 00:00:00",""
632,420,"Internal Lock Washer 8","LI-7160",0.0,0.0,"",0.0,0,"1998-06-01 00:00:00",""
633,421,"Internal Lock Washer 2","LI-8000",0.0,0.0,"",0.0,0,"1998-06-01 00:00:00",""
634,422,"Thin-Jam Lock Nut 9","LJ-1213",0.0,0.0,"",0.0,0,"1998-06-01 00:00:00",""
635,423,"Thin-Jam Lock Nut 10","LJ-1220",0.0,0.0,"",0.0,0,"1998-06-01 00:00:00",""
636,424,"Thin-Jam Lock Nut 1","LJ-1420",0.0,0.0,"",0.0,0,"1998-06-01 00:00:00",""
637,425,"Thin-Jam Lock Nut 2","LJ-1428",0.0,0.0,"",0.0,0,"1998-06-01 00:00:00",""
638,426,"Thin-Jam Lock Nut 15","LJ-3410",0.0,0.0,"",0.0,0,"1998-06-01 00:00:00",""
639,427,"Thin-Jam Lock Nut 16","LJ-3416",0.0,0.0,"",0.0,0,"1998-06-01 00:00:00",""
640,428,"Thin-Jam Lock Nut 5","LJ-3816",0.0,0.0,"",0.0,0,"1998-06-01 00:00:00",""
641,429,"Thin-Jam Lock Nut 6","LJ-3824",0.0,0.0,"",0.0,0,"1998-06-01 00:00:00",""
642,430,"Thin-Jam Lock Nut 3","LJ-5161",0.0,0.0,"",0.0,0,"1998-06-01 00:00:00",""
643,431,"Thin-Jam Lock Nut 4","LJ-5162",0.0,0.0,"",0.0,0,"1998-06-01 00:00:00",""
644,432,"Thin-Jam Lock Nut 13","LJ-5811",0.0,0.0,"",0.0,0,"1998-06-01 00:00:00",""
645,433,"Thin-Jam Lock Nut 14","LJ-5818",0.0,0.0,"",0.0,0,"1998-06-01 00:00:00",""
646,434,"Thin-Jam Lock Nut 7","LJ-7161",0.0,0.0,"",0.0,0,"1998-06-01 00:00:00",""
647,435,"Thin-Jam Lock Nut 8","LJ-7162",0.0,0.0,"",0.0,0,"1998-06-01 00:00:00",""
648,436,"Thin-Jam Lock Nut 12","LJ-9080",0.0,0.0,"",0.0,0,"1998-06-01 00:00:00",""
649,437,"Thin-Jam Lock Nut 11","LJ-9161",0.0,0.0,"",0.0,0,"1998-06-01 00:00:00",""
650,438,"Lock Nut 5","LN-1024",0.0,0.0,"",0.0,0,"1998-06-01 00:00:00",""
651,439,"Lock Nut 6","LN-1032",0.0,0.0,"",0.0,0,"1998-06-01 00:00:00",""
652,440,"Lock Nut 16","LN-1213",0.0,0.0,"",0.0,0,"1998-06-01 00:00:00",""
653,441,"Lock Nut 17","LN-1220",0.0,0.0,"",0.0,0,"1998-06-01 00:00:00",""
654,442,"Lock Nut 7","LN-1224",0.0,0.0,"",0.0,0,"1998-06-01 00:00:00",""
655,443,"Lock Nut 8","LN-1420",0.0,0.0,"",0.0,0,"1998-06-01 00:00:00",""
656,444,"Lock Nut 9","LN-1428",0.0,0.0,"",0.0,0,"1998-06-01 00:00:00",""
657,445,"Lock Nut 22","LN-3410",0.0,0.0,"",0.0,0,"1998-06-01 00:00:00",""
658,446,"Lock Nut 23","LN-3416",0.0,0.0,"",0.0,0,"1998-06-01 00:00:00",""
659,447,"Lock Nut 12","LN-3816",0.0,0.0,"",0.0,0,"1998-06-01 00:00:00",""
660,448,"Lock Nut 13","LN-3824",0.0,0.0,"",0.0,0,"1998-06-01 00:00:00",""
661,449,"Lock Nut 1","LN-4400",0.0,0.0,"",0.0,0,"1998-06-01 00:00:00",""
662,450,"Lock Nut 10","LN-5161",0.0,0.0,"",0.0,0,"1998-06-01 00:00:00",""
663,451,"Lock Nut 11","LN-5162",0.0,0.0,"",0.0,0,"1998-06-01 00:00:00",""
664,452,"Lock Nut 2","LN-5400",0.0,0.0,"",0.0,0,"1998-06-01 00:00:00",""
665,453,"Lock Nut 20","LN-5811",0.0,0.0,"",0.0,0,"1998-06-01 00:00:00",""
666,454,"Lock Nut 21","LN-5818",0.0,0.0,"",0.0,0,"1998-06-01 00:00:00",""
667,455,"Lock Nut 3","LN-6320",0.0,0.0,"",0.0,0,"1998-06-01 00:00:00",""
668,456,"Lock Nut 14","LN-7161",0.0,0.0,"",0.0,0,"1998-06-01 00:00:00",""
669,457,"Lock Nut 15","LN-7162",0.0,0.0,"",0.0,0,"1998-06-01 00:00:00",""
670,458,"Lock Nut 4","LN-8320",0.0,0.0,"",0.0,0,"1998-06-01 00:00:00",""
671,459,"Lock Nut 19","LN-9080",0.0,0.0,"",0.0,0,"1998-06-01 00:00:00",""
672,460,"Lock Nut 18","LN-9161",0.0,0.0,"",0.0,0,"1998-06-01 00:00:00",""
673,461,"Lock Ring","LR-2398",0.0,0.0,"",0.0,0,"1998-06-01 00:00:00",""
674,462,"Lower Head Race","LR-8520",0.0,0.0,"",0.0,0,"1998-06-01 00:00:00",""
675,463,"Lock Washer 4","LW-1000",0.0,0.0,"",0.0,0,"1998-06-01 00:00:00",""
676,464,"Lock Washer 5","LW-1200",0.0,0.0,"",0.0,0,"1998-06-01 00:00:00",""
677,465,"Lock Washer 10","LW-1201",0.0,0.0,"",0.0,0,"1998-06-01 00:00:00",""
678,466,"Lock Washer 6","LW-1400",0.0,0.0,"",0.0,0,"1998-06-01 00:00:00",""
679,467,"Lock Washer 13","LW-3400",0.0,0.0,"",0.0,0,"1998-06-01 00:00:00",""
680,468,"Lock Washer 8","LW-3800",0.0,0.0,"",0.0,0,"1998-06-01 00:00:00",""
681,469,"Lock Washer 1","LW-4000",0.0,0.0,"",0.0,0,"1998-06-01 00:00:00",""
682,470,"Lock Washer 7","LW-5160",0.0,0.0,"",0.0,0,"1998-06-01 00:00:00",""
683,471,"Lock Washer 12","LW-5800",0.0,0.0,"",0.0,0,"1998-06-01 00:00:00",""
684,472,"Lock Washer 2","LW-6000",0.0,0.0,"",0.0,0,"1998-06-01 00:00:00",""
685,473,"Lock Washer 9","LW-7160",0.0,0.0,"",0.0,0,"1998-06-01 00:00:00",""
686,474,"Lock Washer 3","LW-8000",0.0,0.0,"",0.0,0,"1998-06-01 00:00:00",""
687,475,"Lock Washer 11","LW-9160",0.0,0.0,"",0.0,0,"1998-06-01 00:00:00",""
688,476,"Metal Angle","MA-7075",0.0,0.0,"",0.0,0,"1998-06-01 00:00:00",""
689,477,"Metal Bar 1","MB-2024",0.0,0.0,"",0.0,0,"1998-06-01 00:00:00",""
690,478,"Metal Bar 2","MB-6061",0.0,0.0,"",0.0,0,"1998-06-01 00:00:00",""
691,479,"Metal Plate 2","MP-2066",0.0,0.0,"",0.0,0,"1998-06-01 00:00:00",""
692,480,"Metal Plate 1","MP-2503",0.0,0.0,"",0.0,0,"1998-06-01 00:00:00",""
693,481,"Metal Plate 3","MP-4960",0.0,0.0,"",0.0,0,"1998-06-01 00:00:00",""
694,482,"Metal Sheet 2","MS-0253",0.0,0.0,"",0.0,0,"1998-06-01 00:00:00",""
695,483,"Metal Sheet 3","MS-1256",0.0,0.0,"",0.0,0,"1998-06-01 00:00:00",""
696,484,"Metal Sheet 7","MS-1981",0.0,0.0,"",0.0,0,"1998-06-01 00:00:00",""
697,485,"Metal Sheet 4","MS-2259",0.0,0.0,"",0.0,0,"1998-06-01 00:00:00",""
698,486,"Metal Sheet 5","MS-2341",0.0,0.0,"",0.0,0,"1998-06-01 00:00:00",""
699,487,"Metal Sheet 6","MS-2348",0.0,0.0,"",0.0,0,"1998-06-01 00:00:00",""
700,488,"Metal Sheet 1","MS-6061",0.0,0.0,"",0.0,0,"1998-06-01 00:00:00",""
701,489,"Metal Tread Plate","MT-1000",0.0,0.0,"",0.0,0,"1998-06-01 00:00:00",""
702,490,"LL Nipple","NI-4127",0.0,0.0,"",0.0,0,"1998-06-01 00:00:00",""
703,491,"HL Nipple","NI-9522",0.0,0.0,"",0.0,0,"1998-06-01 00:00:00",""
704,492,"Paint - Black","PA-187B",0.0,0.0,"",0.0,0,"1998-06-01 00:00:00",""
705,493,"Paint - Red","PA-361R",0.0,0.0,"",0.0,0,"1998-06-01 00:00:00",""
706,494,"Paint - Silver","PA-529S",0.0,0.0,"",0.0,0,"1998-06-01 00:00:00",""
707,495,"Paint - Blue","PA-632U",0.0,0.0,"",0.0,0,"1998-06-01 00:00:00",""
708,496,"Paint - Yellow","PA-823Y",0.0,0.0,"",0.0,0,"1998-06-01 00:00:00",""
709,497,"Pinch Bolt","PB-6109",0.0,0.0,"",0.0,0,"1998-06-01 00:00:00",""
710,504,"Cup-Shaped Race","RA-2345",0.0,0.0,"",0.0,0,"1998-06-01 00:00:00",""
711,505,"Cone-Shaped Race","RA-7490",0.0,0.0,"",0.0,0,"1998-06-01 00:00:00",""
712,506,"Reflector","RF-9198",0.0,0.0,"",0.0,0,"1998-06-01 00:00:00",""
713,507,"LL Mountain Rim","RM-M464",0.0,0.0,"",435.0,0,"1998-06-01 00:00:00",""
714,508,"ML Mountain Rim","RM-M692",0.0,0.0,"",450.0,0,"1998-06-01 00:00:00",""
715,509,"HL Mountain Rim","RM-M823",0.0,0.0,"",400.0,0,"1998-06-01 00:00:00",""
716,510,"LL Road Rim","RM-R436",0.0,0.0,"",445.0,0,"1998-06-01 00:00:00",""
717,511,"ML Road Rim","RM-R600",0.0,0.0,"",450.0,0,"1998-06-01 00:00:00",""
718,512,"HL Road Rim","RM-R800",0.0,0.0,"",400.0,0,"1998-06-01 00:00:00",""
719,513,"Touring Rim","RM-T801",0.0,0.0,"",460.0,0,"1998-06-01 00:00:00",""
720,514,"LL Mountain Seat Assembly","SA-M198",98.77,133.34,"",0.0,1,"1998-06-01 00:00:00",""
721,515,"ML Mountain Seat Assembly","SA-M237",108.99,147.14,"",0.0,1,"1998-06-01 00:00:00",""
722,516,"HL Mountain Seat Assembly","SA-M687",145.87,196.92,"",0.0,1,"1998-06-01 00:00:00",""
723,517,"LL Road Seat Assembly","SA-R127",98.77,133.34,"",0.0,1,"1998-06-01 00:00:00",""
724,518,"ML Road Seat Assembly","SA-R430",108.99,147.14,"",0.0,1,"1998-06-01 00:00:00",""
725,519,"HL Road Seat Assembly","SA-R522",145.87,196.92,"",0.0,1,"1998-06-01 00:00:00",""
726,520,"LL Touring Seat Assembly","SA-T467",98.77,133.34,"",0.0,1,"1998-06-01 00:00:00",""
727,521,"ML Touring Seat Assembly","SA-T612",108.99,147.14,"",0.0,1,"1998-06-01 00:00:00",""
728,522,"HL Touring Seat Assembly","SA-T872",145.87,196.92,"",0.0,1,"1998-06-01 00:00:00",""
729,523,"LL Spindle/Axle","SD-2342",0.0,0.0,"",0.0,0,"1998-06-01 00:00:00",""
730,524,"HL Spindle/Axle","SD-9872",0.0,0.0,"",0.0,0,"1998-06-01 00:00:00",""
731,525,"LL Shell","SH-4562",0.0,0.0,"",0.0,0,"1998-06-01 00:00:00",""
732,526,"HL Shell","SH-9312",0.0,0.0,"",0.0,0,"1998-06-01 00:00:00",""
733,527,"Spokes","SK-9283",0.0,0.0,"",0.0,0,"1998-06-01 00:00:00",""
734,528,"Seat Lug","SL-0931",0.0,0.0,"",0.0,0,"1998-06-01 00:00:00",""
735,529,"Stem","SM-9087",0.0,0.0,"",0.0,1,"1998-06-01 00:00:00",""
736,530,"Seat Post","SP-2981",0.0,0.0,"",0.0,0,"1998-06-01 00:00:00",""
737,531,"Steerer","SR-2098",0.0,0.0,"",0.0,1,"1998-06-01 00:00:00",""
738,532,"Seat Stays","SS-2985",0.0,0.0,"",0.0,1,"1998-06-01 00:00:00",""
739,533,"Seat Tube","ST-9828",0.0,0.0,"",0.0,1,"1998-06-01 00:00:00",""
740,534,"Top Tube","TO-2301",0.0,0.0,"",0.0,1,"1998-06-01 00:00:00",""
741,535,"Tension Pulley","TP-0923",0.0,0.0,"",0.0,0,"1998-06-01 00:00:00",""
742,679,"Rear Derailleur Cage","RC-0291",0.0,0.0,"",0.0,0,"1998-06-01 00:00:00",""
743,680,"HL Road Frame - Black, 58","FR-R92B-58",1059.31,1431.5,"58",2.24,1,"1998-06-01 00:00:00",""
744,706,"HL Road Frame - Red, 58","FR-R92R-58",1059.31,1431.5,"58",2.24,1,"1998-06-01 00:00:00",""
745,707,"Sport-100 Helmet, Red","HL-U509-R",13.0863,34.99,"",0.0,0,"2001-07-01 00:00:00",""
746,708,"Sport-100 Helmet, Black","HL-U509",13.0863,34.99,"",0.0,0,"2001-07-01 00:00:00",""
747,709,"Mountain Bike Socks, M","SO-B909-M",3.3963,9.5,"M",0.0,0,"2001-07-01 00:00:00","2002-06-30 00:00:00"
748,710,"Mountain Bike Socks, L","SO-B909-L",3.3963,9.5,"L",0.0,0,"2001-07-01 00:00:00","2002-06-30 00:00:00"
749,711,"Sport-100 Helmet, Blue","HL-U509-B",13.0863,34.99,"",0.0,0,"2001-07-01 00:00:00",""
750,712,"AWC Logo Cap","CA-1098",6.9223,8.99,"",0.0,0,"2001-07-01 00:00:00",""
751,713,"Long-Sleeve Logo Jersey, S","LJ-0192-S",38.4923,49.99,"S",0.0,0,"2001-07-01 00:00:00",""
752,714,"Long-Sleeve Logo Jersey, M","LJ-0192-M",38.4923,49.99,"M",0.0,0,"2001-07-01 00:00:00",""
753,715,"Long-Sleeve Logo Jersey, L","LJ-0192-L",38.4923,49.99,"L",0.0,0,"2001-07-01 00:00:00",""
754,716,"Long-Sleeve Logo Jersey, XL","LJ-0192-X",38.4923,49.99,"XL",0.0,0,"2001-07-01 00:00:00",""
755,717,"HL Road Frame - Red, 62","FR-R92R-62",868.6342,1431.5,"62",2.3,1,"2001-07-01 00:00:00",""
756,718,"HL Road Frame - Red, 44","FR-R92R-44",868.6342,1431.5,"44",2.12,1,"2001-07-01 00:00:00",""
757,719,"HL Road Frame - Red, 48","FR-R92R-48",868.6342,1431.5,"48",2.16,1,"2001-07-01 00:00:00",""
758,720,"HL Road Frame - Red, 52","FR-R92R-52",868.6342,1431.5,"52",2.2,1,"2001-07-01 00:00:00",""
759,721,"HL Road Frame - Red, 56","FR-R92R-56",868.6342,1431.5,"56",2.24,1,"2001-07-01 00:00:00",""
760,722,"LL Road Frame - Black, 58","FR-R38B-58",204.6251,337.22,"58",2.46,1,"2001-07-01 00:00:00",""
761,723,"LL Road Frame - Black, 60","FR-R38B-60",204.6251,337.22,"60",2.48,1,"2001-07-01 00:00:00",""
762,724,"LL Road Frame - Black, 62","FR-R38B-62",204.6251,337.22,"62",2.5,1,"2001-07-01 00:00:00",""
763,725,"LL Road Frame - Red, 44","FR-R38R-44",187.1571,337.22,"44",2.32,1,"2001-07-01 00:00:00","2003-06-30 00:00:00"
764,726,"LL Road Frame - Red, 48","FR-R38R-48",187.1571,337.22,"48",2.36,1,"2001-07-01 00:00:00","2003-06-30 00:00:00"
765,727,"LL Road Frame - Red, 52","FR-R38R-52",187.1571,337.22,"52",2.4,1,"2001-07-01 00:00:00","2003-06-30 00:00:00"
766,728,"LL Road Frame - Red, 58","FR-R38R-58",187.1571,337.22,"58",2.46,1,"2001-07-01 00:00:00","2003-06-30 00:00:00"
767,729,"LL Road Frame - Red, 60","FR-R38R-60",187.1571,337.22,"60",2.48,1,"2001-07-01 00:00:00","2003-06-30 00:00:00"
768,730,"LL Road Frame - Red, 62","FR-R38R-62",187.1571,337.22,"62",2.5,1,"2001-07-01 00:00:00","2003-06-30 00:00:00"
769,731,"ML Road Frame - Red, 44","FR-R72R-44",352.1394,594.83,"44",2.22,1,"2001-07-01 00:00:00","2002-06-30 00:00:00"
770,732,"ML Road Frame - Red, 48","FR-R72R-48",352.1394,594.83,"48",2.26,1,"2001-07-01 00:00:00","2002-06-30 00:00:00"
771,733,"ML Road Frame - Red, 52","FR-R72R-52",352.1394,594.83,"52",2.3,1,"2001-07-01 00:00:00","2002-06-30 00:00:00"
772,734,"ML Road Frame - Red, 58","FR-R72R-58",352.1394,594.83,"58",2.36,1,"2001-07-01 00:00:00","2002-06-30 00:00:00"
773,735,"ML Road Frame - Red, 60","FR-R72R-60",352.1394,594.83,"60",2.38,1,"2001-07-01 00:00:00","2002-06-30 00:00:00"
774,736,"LL Road Frame - Black, 44","FR-R38B-44",204.6251,337.22,"44",2.32,1,"2001-07-01 00:00:00",""
775,737,"LL Road Frame - Black, 48","FR-R38B-48",204.6251,337.22,"48",2.36,1,"2001-07-01 00:00:00",""
776,738,"LL Road Frame - Black, 52","FR-R38B-52",204.6251,337.22,"52",2.4,1,"2001-07-01 00:00:00",""
777,739,"HL Mountain Frame - Silver, 42","FR-M94S-42",747.2002,1364.5,"42",2.72,1,"2001-07-01 00:00:00",""
778,740,"HL Mountain Frame - Silver, 44","FR-M94S-44",706.811,1364.5,"44",2.76,1,"2001-07-01 00:00:00","2002-06-30 00:00:00"
779,741,"HL Mountain Frame - Silver, 48","FR-M94S-52",706.811,1364.5,"48",2.8,1,"2001-07-01 00:00:00","2002-06-30 00:00:00"
780,742,"HL Mountain Frame - Silver, 46","FR-M94S-46",747.2002,1364.5,"46",2.84,1,"2001-07-01 00:00:00",""
781,743,"HL Mountain Frame - Black, 42","FR-M94B-42",739.041,1349.6,"42",2.72,1,"2001-07-01 00:00:00",""
782,744,"HL Mountain Frame - Black, 44","FR-M94B-44",699.0928,1349.6,"44",2.76,1,"2001-07-01 00:00:00","2002-06-30 00:00:00"
783,745,"HL Mountain Frame - Black, 48","FR-M94B-48",699.0928,1349.6,"48",2.8,1,"2001-07-01 00:00:00","2002-06-30 00:00:00"
784,746,"HL Mountain Frame - Black, 46","FR-M94B-46",739.041,1349.6,"46",2.84,1,"2001-07-01 00:00:00",""
785,747,"HL Mountain Frame - Black, 38","FR-M94B-38",739.041,1349.6,"38",2.68,2,"2001-07-01 00:00:00",""
786,748,"HL Mountain Frame - Silver, 38","FR-M94S-38",747.2002,1364.5,"38",2.68,2,"2001-07-01 00:00:00",""
787,749,"Road-150 Red, 62","BK-R93R-62",2171.2942,3578.27,"62",15.0,4,"2001-07-01 00:00:00","2002-06-30 00:00:00"
788,750,"Road-150 Red, 44","BK-R93R-44",2171.2942,3578.27,"44",13.77,4,"2001-07-01 00:00:00","2002-06-30 00:00:00"
789,751,"Road-150 Red, 48","BK-R93R-48",2171.2942,3578.27,"48",14.13,4,"2001-07-01 00:00:00","2002-06-30 00:00:00"
790,752,"Road-150 Red, 52","BK-R93R-52",2171.2942,3578.27,"52",14.42,4,"2001-07-01 00:00:00","2002-06-30 00:00:00"
791,753,"Road-150 Red, 56","BK-R93R-56",2171.2942,3578.27,"56",14.68,4,"2001-07-01 00:00:00","2002-06-30 00:00:00"
792,754,"Road-450 Red, 58","BK-R68R-58",884.7083,1457.99,"58",17.79,4,"2001-07-01 00:00:00","2002-06-30 00:00:00"
793,755,"Road-450 Red, 60","BK-R68R-60",884.7083,1457.99,"60",17.9,4,"2001-07-01 00:00:00","2002-06-30 00:00:00"
794,756,"Road-450 Red, 44","BK-R68R-44",884.7083,1457.99,"44",16.77,4,"2001-07-01 00:00:00","2002-06-30 00:00:00"
795,757,"Road-450 Red, 48","BK-R68R-48",884.7083,1457.99,"48",17.13,4,"2001-07-01 00:00:00","2002-06-30 00:00:00"
796,758,"Road-450 Red, 52","BK-R68R-52",884.7083,1457.99,"52",17.42,4,"2001-07-01 00:00:00","2002-06-30 00:00:00"
797,759,"Road-650 Red, 58","BK-R50R-58",486.7066,782.99,"58",19.79,4,"2001-07-01 00:00:00","2003-06-30 00:00:00"
798,760,"Road-650 Red, 60","BK-R50R-60",486.7066,782.99,"60",19.9,4,"2001-07-01 00:00:00","2003-06-30 00:00:00"
799,761,"Road-650 Red, 62","BK-R50R-62",486.7066,782.99,"62",20.0,4,"2001-07-01 00:00:00","2003-06-30 00:00:00"
800,762,"Road-650 Red, 44","BK-R50R-44",486.7066,782.99,"44",18.77,4,"2001-07-01 00:00:00","2003-06-30 00:00:00"
801,763,"Road-650 Red, 48","BK-R50R-48",486.7066,782.99,"48",19.13,4,"2001-07-01 00:00:00","2003-06-30 00:00:00"
802,764,"Road-650 Red, 52","BK-R50R-52",486.7066,782.99,"52",19.42,4,"2001-07-01 00:00:00","2003-06-30 00:00:00"
803,765,"Road-650 Black, 58","BK-R50B-58",486.7066,782.99,"58",19.79,4,"2001-07-01 00:00:00","2003-06-30 00:00:00"
804,766,"Road-650 Black, 60","BK-R50B-60",486.7066,782.99,"60",19.9,4,"2001-07-01 00:00:00","2003-06-30 00:00:00"
805,767,"Road-650 Black, 62","BK-R50B-62",486.7066,782.99,"62",20.0,4,"2001-07-01 00:00:00","2003-06-30 00:00:00"
806,768,"Road-650 Black, 44","BK-R50B-44",486.7066,782.99,"44",18.77,4,"2001-07-01 00:00:00","2003-06-30 00:00:00"
807,769,"Road-650 Black, 48","BK-R50B-48",486.7066,782.99,"48",19.13,4,"2001-07-01 00:00:00","2003-06-30 00:00:00"
808,770,"Road-650 Black, 52","BK-R50B-52",486.7066,782.99,"52",19.42,4,"2001-07-01 00:00:00","2003-06-30 00:00:00"
809,771,"Mountain-100 Silver, 38","BK-M82S-38",1912.1544,3399.99,"38",20.35,4,"2001-07-01 00:00:00","2002-06-30 00:00:00"
810,772,"Mountain-100 Silver, 42","BK-M82S-42",1912.1544,3399.99,"42",20.77,4,"2001-07-01 00:00:00","2002-06-30 00:00:00"
811,773,"Mountain-100 Silver, 44","BK-M82S-44",1912.1544,3399.99,"44",21.13,4,"2001-07-01 00:00:00","2002-06-30 00:00:00"
812,774,"Mountain-100 Silver, 48","BK-M82S-48",1912.1544,3399.99,"48",21.42,4,"2001-07-01 00:00:00","2002-06-30 00:00:00"
813,775,"Mountain-100 Black, 38","BK-M82B-38",1898.0944,3374.99,"38",20.35,4,"2001-07-01 00:00:00","2002-06-30 00:00:00"
814,776,"Mountain-100 Black, 42","BK-M82B-42",1898.0944,3374.99,"42",20.77,4,"2001-07-01 00:00:00","2002-06-30 00:00:00"
815,777,"Mountain-100 Black, 44","BK-M82B-44",1898.0944,3374.99,"44",21.13,4,"2001-07-01 00:00:00","2002-06-30 00:00:00"
816,778,"Mountain-100 Black, 48","BK-M82B-48",1898.0944,3374.99,"48",21.42,4,"2001-07-01 00:00:00","2002-06-30 00:00:00"
817,779,"Mountain-200 Silver, 38","BK-M68S-38",1265.6195,2319.99,"38",23.35,4,"2002-07-01 00:00:00",""
818,780,"Mountain-200 Silver, 42","BK-M68S-42",1265.6195,2319.99,"42",23.77,4,"2002-07-01 00:00:00",""
819,781,"Mountain-200 Silver, 46","BK-M68S-46",1265.6195,2319.99,"46",24.13,4,"2002-07-01 00:00:00",""
820,782,"Mountain-200 Black, 38","BK-M68B-38",1251.9813,2294.99,"38",23.35,4,"2002-07-01 00:00:00",""
821,783,"Mountain-200 Black, 42","BK-M68B-42",1251.9813,2294.99,"42",23.77,4,"2002-07-01 00:00:00",""
822,784,"Mountain-200 Black, 46","BK-M68B-46",1251.9813,2294.99,"46",24.13,4,"2002-07-01 00:00:00",""
823,785,"Mountain-300 Black, 38","BK-M47B-38",598.4354,1079.99,"38",25.35,4,"2002-07-01 00:00:00","2003-06-30 00:00:00"
824,786,"Mountain-300 Black, 40","BK-M47B-40",598.4354,1079.99,"40",25.77,4,"2002-07-01 00:00:00","2003-06-30 00:00:00"
825,787,"Mountain-300 Black, 44","BK-M47B-44",598.4354,1079.99,"44",26.13,4,"2002-07-01 00:00:00","2003-06-30 00:00:00"
826,788,"Mountain-300 Black, 48","BK-M47B-48",598.4354,1079.99,"48",26.42,4,"2002-07-01 00:00:00","2003-06-30 00:00:00"
827,789,"Road-250 Red, 44","BK-R89R-44",1518.7864,2443.35,"44",14.77,4,"2002-07-01 00:00:00","2003-06-30 00:00:00"
828,790,"Road-250 Red, 48","BK-R89R-48",1518.7864,2443.35,"48",15.13,4,"2002-07-01 00:00:00","2003-06-30 00:00:00"
829,791,"Road-250 Red, 52","BK-R89R-52",1518.7864,2443.35,"52",15.42,4,"2002-07-01 00:00:00","2003-06-30 00:00:00"
830,792,"Road-250 Red, 58","BK-R89R-58",1554.9479,2443.35,"58",15.79,4,"2002-07-01 00:00:00",""
831,793,"Road-250 Black, 44","BK-R89B-44",1554.9479,2443.35,"44",14.77,4,"2002-07-01 00:00:00",""
832,794,"Road-250 Black, 48","BK-R89B-48",1554.9479,2443.35,"48",15.13,4,"2002-07-01 00:00:00",""
833,795,"Road-250 Black, 52","BK-R89B-52",1554.9479,2443.35,"52",15.42,4,"2002-07-01 00:00:00",""
834,796,"Road-250 Black, 58","BK-R89B-58",1554.9479,2443.35,"58",15.68,4,"2002-07-01 00:00:00",""
835,797,"Road-550-W Yellow, 38","BK-R64Y-38",713.0798,1120.49,"38",17.35,4,"2002-07-01 00:00:00",""
836,798,"Road-550-W Yellow, 40","BK-R64Y-40",713.0798,1120.49,"40",17.77,4,"2002-07-01 00:00:00",""
837,799,"Road-550-W Yellow, 42","BK-R64Y-42",713.0798,1120.49,"42",18.13,4,"2002-07-01 00:00:00",""
838,800,"Road-550-W Yellow, 44","BK-R64Y-44",713.0798,1120.49,"44",18.42,4,"2002-07-01 00:00:00",""
839,801,"Road-550-W Yellow, 48","BK-R64Y-48",713.0798,1120.49,"48",18.68,4,"2002-07-01 00:00:00",""
840,802,"LL Fork","FK-1639",65.8097,148.22,"",0.0,1,"2002-07-01 00:00:00","2003-06-30 00:00:00"
841,803,"ML Fork","FK-5136",77.9176,175.49,"",0.0,1,"2002-07-01 00:00:00","2003-06-30 00:00:00"
842,804,"HL Fork","FK-9939",101.8936,229.49,"",0.0,1,"2002-07-01 00:00:00","2003-06-30 00:00:00"
843,805,"LL Headset","HS-0296",15.1848,34.2,"",0.0,1,"2002-07-01 00:00:00","2003-06-30 00:00:00"
844,806,"ML Headset","HS-2451",45.4168,102.29,"",0.0,1,"2002-07-01 00:00:00","2003-06-30 00:00:00"
845,807,"HL Headset","HS-3479",55.3801,124.73,"",0.0,1,"2002-07-01 00:00:00","2003-06-30 00:00:00"
846,808,"LL Mountain Handlebars","HB-M243",19.7758,44.54,"",0.0,1,"2002-07-01 00:00:00",""
847,809,"ML Mountain Handlebars","HB-M763",27.4925,61.92,"",0.0,1,"2002-07-01 00:00:00",""
848,810,"HL Mountain Handlebars","HB-M918",53.3999,120.27,"",0.0,1,"2002-07-01 00:00:00",""
849,811,"LL Road Handlebars","HB-R504",19.7758,44.54,"",0.0,1,"2002-07-01 00:00:00",""
850,812,"ML Road Handlebars","HB-R720",27.4925,61.92,"",0.0,1,"2002-07-01 00:00:00",""
851,813,"HL Road Handlebars","HB-R956",53.3999,120.27,"",0.0,1,"2002-07-01 00:00:00",""
852,814,"ML Mountain Frame - Black, 38","FR-M63B-38",185.8193,348.76,"38",2.73,2,"2002-07-01 00:00:00","2003-06-30 00:00:00"
853,815,"LL Mountain Front Wheel","FW-M423",26.9708,60.745,"",0.0,1,"2002-07-01 00:00:00","2003-06-30 00:00:00"
854,816,"ML Mountain Front Wheel","FW-M762",92.8071,209.025,"",0.0,1,"2002-07-01 00:00:00","2003-06-30 00:00:00"
855,817,"HL Mountain Front Wheel","FW-M928",133.2955,300.215,"",0.0,1,"2002-07-01 00:00:00","2003-06-30 00:00:00"
856,818,"LL Road Front Wheel","FW-R623",37.9909,85.565,"",900.0,1,"2002-07-01 00:00:00","2003-06-30 00:00:00"
857,819,"ML Road Front Wheel","FW-R762",110.2829,248.385,"",850.0,1,"2002-07-01 00:00:00","2003-06-30 00:00:00"
858,820,"HL Road Front Wheel","FW-R820",146.5466,330.06,"",650.0,1,"2002-07-01 00:00:00","2003-06-30 00:00:00"
859,821,"Touring Front Wheel","FW-T905",96.7964,218.01,"",0.0,1,"2002-07-01 00:00:00","2003-06-30 00:00:00"
860,822,"ML Road Frame-W - Yellow, 38","FR-R72Y-38",360.9428,594.83,"38",2.18,2,"2002-07-01 00:00:00",""
861,823,"LL Mountain Rear Wheel","RW-M423",38.9588,87.745,"",0.0,1,"2002-07-01 00:00:00","2003-06-30 00:00:00"
862,824,"ML Mountain Rear Wheel","RW-M762",104.7951,236.025,"",0.0,1,"2002-07-01 00:00:00","2003-06-30 00:00:00"
863,825,"HL Mountain Rear Wheel","RW-M928",145.2835,327.215,"",0.0,1,"2002-07-01 00:00:00","2003-06-30 00:00:00"
864,826,"LL Road Rear Wheel","RW-R623",49.9789,112.565,"",1050.0,1,"2002-07-01 00:00:00","2003-06-30 00:00:00"
865,827,"ML Road Rear Wheel","RW-R762",122.2709,275.385,"",1000.0,1,"2002-07-01 00:00:00","2003-06-30 00:00:00"
866,828,"HL Road Rear Wheel","RW-R820",158.5346,357.06,"",890.0,1,"2002-07-01 00:00:00","2003-06-30 00:00:00"
867,829,"Touring Rear Wheel","RW-T905",108.7844,245.01,"",0.0,1,"2002-07-01 00:00:00","2003-06-30 00:00:00"
868,830,"ML Mountain Frame - Black, 40","FR-M63B-40",185.8193,348.76,"40",2.77,1,"2002-07-01 00:00:00","2003-06-30 00:00:00"
869,831,"ML Mountain Frame - Black, 44","FR-M63B-44",185.8193,348.76,"44",2.81,1,"2002-07-01 00:00:00","2003-06-30 00:00:00"
870,832,"ML Mountain Frame - Black, 48","FR-M63B-48",185.8193,348.76,"48",2.85,1,"2002-07-01 00:00:00","2003-06-30 00:00:00"
871,833,"ML Road Frame-W - Yellow, 40","FR-R72Y-40",360.9428,594.83,"40",2.22,1,"2002-07-01 00:00:00",""
872,834,"ML Road Frame-W - Yellow, 42","FR-R72Y-42",360.9428,594.83,"42",2.26,1,"2002-07-01 00:00:00",""
873,835,"ML Road Frame-W - Yellow, 44","FR-R72Y-44",360.9428,594.83,"44",2.3,1,"2002-07-01 00:00:00",""
874,836,"ML Road Frame-W - Yellow, 48","FR-R72Y-48",360.9428,594.83,"48",2.34,1,"2002-07-01 00:00:00",""
875,837,"HL Road Frame - Black, 62","FR-R92B-62",868.6342,1431.5,"62",2.3,1,"2002-07-01 00:00:00",""
876,838,"HL Road Frame - Black, 44","FR-R92B-44",868.6342,1431.5,"44",2.12,1,"2002-07-01 00:00:00",""
877,839,"HL Road Frame - Black, 48","FR-R92B-48",868.6342,1431.5,"48",2.16,1,"2002-07-01 00:00:00",""
878,840,"HL Road Frame - Black, 52","FR-R92B-52",868.6342,1431.5,"52",2.2,1,"2002-07-01 00:00:00",""
879,841,"Men's Sports Shorts, S","SH-M897-S",24.7459,59.99,"S",0.0,0,"2002-07-01 00:00:00","2003-06-30 00:00:00"
880,842,"Touring-Panniers, Large","PA-T100",51.5625,125.0,"",0.0,0,"2002-07-01 00:00:00","2003-06-30 00:00:00"
881,843,"Cable Lock","LO-C100",10.3125,25.0,"",0.0,0,"2002-07-01 00:00:00","2003-06-30 00:00:00"
882,844,"Minipump","PU-0452",8.2459,19.99,"",0.0,0,"2002-07-01 00:00:00","2003-06-30 00:00:00"
883,845,"Mountain Pump","PU-M044",10.3084,24.99,"",0.0,0,"2002-07-01 00:00:00","2003-06-30 00:00:00"
884,846,"Taillights - Battery-Powered","LT-T990",5.7709,13.99,"",0.0,0,"2002-07-01 00:00:00","2003-06-30 00:00:00"
885,847,"Headlights - Dual-Beam","LT-H902",14.4334,34.99,"",0.0,0,"2002-07-01 00:00:00","2003-06-30 00:00:00"
886,848,"Headlights - Weatherproof","LT-H903",18.5584,44.99,"",0.0,0,"2002-07-01 00:00:00","2003-06-30 00:00:00"
887,849,"Men's Sports Shorts, M","SH-M897-M",24.7459,59.99,"M",0.0,0,"2002-07-01 00:00:00","2003-06-30 00:00:00"
888,850,"Men's Sports Shorts, L","SH-M897-L",24.7459,59.99,"L",0.0,0,"2002-07-01 00:00:00","2003-06-30 00:00:00"
889,851,"Men's Sports Shorts, XL","SH-M897-X",24.7459,59.99,"XL",0.0,0,"2002-07-01 00:00:00","2003-06-30 00:00:00"
890,852,"Women's Tights, S","TG-W091-S",30.9334,74.99,"S",0.0,0,"2002-07-01 00:00:00","2003-06-30 00:00:00"
891,853,"Women's Tights, M","TG-W091-M",30.9334,74.99,"M",0.0,0,"2002-07-01 00:00:00","2003-06-30 00:00:00"
892,854,"Women's Tights, L","TG-W091-L",30.9334,74.99,"L",0.0,0,"2002-07-01 00:00:00","2003-06-30 00:00:00"
893,855,"Men's Bib-Shorts, S","SB-M891-S",37.1209,89.99,"S",0.0,0,"2002-07-01 00:00:00","2003-06-30 00:00:00"
894,856,"Men's Bib-Shorts, M","SB-M891-M",37.1209,89.99,"M",0.0,0,"2002-07-01 00:00:00","2003-06-30 00:00:00"
895,857,"Men's Bib-Shorts, L","SB-M891-L",37.1209,89.99,"L",0.0,0,"2002-07-01 00:00:00","2003-06-30 00:00:00"
896,858,"Half-Finger Gloves, S","GL-H102-S",9.1593,24.49,"S",0.0,0,"2002-07-01 00:00:00",""
897,859,"Half-Finger Gloves, M","GL-H102-M",9.1593,24.49,"M",0.0,0,"2002-07-01 00:00:00",""
898,860,"Half-Finger Gloves, L","GL-H102-L",9.1593,24.49,"L",0.0,0,"2002-07-01 00:00:00",""
899,861,"Full-Finger Gloves, S","GL-F110-S",15.6709,37.99,"S",0.0,0,"2002-07-01 00:00:00","2003-06-30 00:00:00"
900,862,"Full-Finger Gloves, M","GL-F110-M",15.6709,37.99,"M",0.0,0,"2002-07-01 00:00:00","2003-06-30 00:00:00"
901,863,"Full-Finger Gloves, L","GL-F110-L",15.6709,37.99,"L",0.0,0,"2002-07-01 00:00:00","2003-06-30 00:00:00"
902,864,"Classic Vest, S","VE-C304-S",23.749,63.5,"S",0.0,0,"2003-07-01 00:00:00",""
903,865,"Classic Vest, M","VE-C304-M",23.749,63.5,"M",0.0,0,"2003-07-01 00:00:00",""
904,866,"Classic Vest, L","VE-C304-L",23.749,63.5,"L",0.0,0,"2003-07-01 00:00:00",""
905,867,"Women's Mountain Shorts, S","SH-W890-S",26.1763,69.99,"S",0.0,0,"2003-07-01 00:00:00",""
906,868,"Women's Mountain Shorts, M","SH-W890-M",26.1763,69.99,"M",0.0,0,"2003-07-01 00:00:00",""
907,869,"Women's Mountain Shorts, L","SH-W890-L",26.1763,69.99,"L",0.0,0,"2003-07-01 00:00:00",""
908,870,"Water Bottle - 30 oz.","WB-H098",1.8663,4.99,"",0.0,0,"2003-07-01 00:00:00",""
909,871,"Mountain Bottle Cage","BC-M005",3.7363,9.99,"",0.0,0,"2003-07-01 00:00:00",""
910,872,"Road Bottle Cage","BC-R205",3.3623,8.99,"",0.0,0,"2003-07-01 00:00:00",""
911,873,"Patch Kit/8 Patches","PK-7098",0.8565,2.29,"",0.0,0,"2003-07-01 00:00:00",""
912,874,"Racing Socks, M","SO-R809-M",3.3623,8.99,"M",0.0,0,"2003-07-01 00:00:00",""
913,875,"Racing Socks, L","SO-R809-L",3.3623,8.99,"L",0.0,0,"2003-07-01 00:00:00",""
914,876,"Hitch Rack - 4-Bike","RA-H123",44.88,120.0,"",0.0,0,"2003-07-01 00:00:00",""
915,877,"Bike Wash - Dissolver","CL-9009",2.9733,7.95,"",0.0,0,"2003-07-01 00:00:00",""
916,878,"Fender Set - Mountain","FE-6654",8.2205,21.98,"",0.0,0,"2003-07-01 00:00:00",""
917,879,"All-Purpose Bike Stand","ST-1401",59.466,159.0,"",0.0,0,"2003-07-01 00:00:00",""
918,880,"Hydration Pack - 70 oz.","HY-1023-70",20.5663,54.99,"70",0.0,0,"2003-07-01 00:00:00",""
919,881,"Short-Sleeve Classic Jersey, S","SJ-0194-S",41.5723,53.99,"S",0.0,0,"2003-07-01 00:00:00",""
920,882,"Short-Sleeve Classic Jersey, M","SJ-0194-M",41.5723,53.99,"M",0.0,0,"2003-07-01 00:00:00",""
921,883,"Short-Sleeve Classic Jersey, L","SJ-0194-L",41.5723,53.99,"L",0.0,0,"2003-07-01 00:00:00",""
922,884,"Short-Sleeve Classic Jersey, XL","SJ-0194-X",41.5723,53.99,"XL",0.0,0,"2003-07-01 00:00:00",""
923,885,"HL Touring Frame - Yellow, 60","FR-T98Y-60",601.7437,1003.91,"60",3.08,1,"2003-07-01 00:00:00",""
924,886,"LL Touring Frame - Yellow, 62","FR-T67Y-62",199.8519,333.42,"62",3.2,1,"2003-07-01 00:00:00",""
925,887,"HL Touring Frame - Yellow, 46","FR-T98Y-46",601.7437,1003.91,"46",2.96,1,"2003-07-01 00:00:00",""
926,888,"HL Touring Frame - Yellow, 50","FR-T98Y-50",601.7437,1003.91,"50",3.0,1,"2003-07-01 00:00:00",""
927,889,"HL Touring Frame - Yellow, 54","FR-T98Y-54",601.7437,1003.91,"54",3.04,1,"2003-07-01 00:00:00",""
928,890,"HL Touring Frame - Blue, 46","FR-T98U-46",601.7437,1003.91,"46",2.96,1,"2003-07-01 00:00:00",""
929,891,"HL Touring Frame - Blue, 50","FR-T98U-50",601.7437,1003.91,"50",3.0,1,"2003-07-01 00:00:00",""
930,892,"HL Touring Frame - Blue, 54","FR-T98U-54",601.7437,1003.91,"54",3.04,1,"2003-07-01 00:00:00",""
931,893,"HL Touring Frame - Blue, 60","FR-T98U-60",601.7437,1003.91,"60",3.08,1,"2003-07-01 00:00:00",""
932,894,"Rear Derailleur","RD-2308",53.9282,121.46,"",215.0,1,"2003-07-01 00:00:00",""
933,895,"LL Touring Frame - Blue, 50","FR-T67U-50",199.8519,333.42,"50",3.1,1,"2003-07-01 00:00:00",""
934,896,"LL Touring Frame - Blue, 54","FR-T67U-54",199.8519,333.42,"54",3.14,1,"2003-07-01 00:00:00",""
935,897,"LL Touring Frame - Blue, 58","FR-T67U-58",199.8519,333.42,"58",3.16,1,"2003-07-01 00:00:00",""
936,898,"LL Touring Frame - Blue, 62","FR-T67U-62",199.8519,333.42,"62",3.2,1,"2003-07-01 00:00:00",""
937,899,"LL Touring Frame - Yellow, 44","FR-T67Y-44",199.8519,333.42,"44",3.02,1,"2003-07-01 00:00:00",""
938,900,"LL Touring Frame - Yellow, 50","FR-T67Y-50",199.8519,333.42,"50",3.1,1,"2003-07-01 00:00:00",""
939,901,"LL Touring Frame - Yellow, 54","FR-T67Y-54",199.8519,333.42,"54",3.14,1,"2003-07-01 00:00:00",""
940,902,"LL Touring Frame - Yellow, 58","FR-T67Y-58",199.8519,333.42,"58",3.16,1,"2003-07-01 00:00:00",""
941,903,"LL Touring Frame - Blue, 44","FR-T67U-44",199.8519,333.42,"44",3.02,1,"2003-07-01 00:00:00",""
942,904,"ML Mountain Frame-W - Silver, 40","FR-M63S-40",199.3757,364.09,"40",2.77,1,"2003-07-01 00:00:00",""
943,905,"ML Mountain Frame-W - Silver, 42","FR-M63S-42",199.3757,364.09,"42",2.81,1,"2003-07-01 00:00:00",""
944,906,"ML Mountain Frame-W - Silver, 46","FR-M63S-46",199.3757,364.09,"46",2.85,1,"2003-07-01 00:00:00",""
945,907,"Rear Brakes","RB-9231",47.286,106.5,"",317.0,1,"2003-07-01 00:00:00",""
946,908,"LL Mountain Seat/Saddle","SE-M236",12.0413,27.12,"",0.0,1,"2003-07-01 00:00:00",""
947,909,"ML Mountain Seat/Saddle","SE-M798",17.3782,39.14,"",0.0,1,"2003-07-01 00:00:00",""
948,910,"HL Mountain Seat/Saddle","SE-M940",23.3722,52.64,"",0.0,1,"2003-07-01 00:00:00",""
949,911,"LL Road Seat/Saddle","SE-R581",12.0413,27.12,"",0.0,1,"2003-07-01 00:00:00",""
950,912,"ML Road Seat/Saddle","SE-R908",17.3782,39.14,"",0.0,1,"2003-07-01 00:00:00",""
951,913,"HL Road Seat/Saddle","SE-R995",23.3722,52.64,"",0.0,1,"2003-07-01 00:00:00",""
952,914,"LL Touring Seat/Saddle","SE-T312",12.0413,27.12,"",0.0,1,"2003-07-01 00:00:00",""
953,915,"ML Touring Seat/Saddle","SE-T762",17.3782,39.14,"",0.0,1,"2003-07-01 00:00:00",""
954,916,"HL Touring Seat/Saddle","SE-T924",23.3722,52.64,"",0.0,1,"2003-07-01 00:00:00",""
955,917,"LL Mountain Frame - Silver, 42","FR-M21S-42",144.5938,264.05,"42",2.92,1,"2003-07-01 00:00:00",""
956,918,"LL Mountain Frame - Silver, 44","FR-M21S-44",144.5938,264.05,"44",2.96,1,"2003-07-01 00:00:00",""
957,919,"LL Mountain Frame - Silver, 48","FR-M21S-48",144.5938,264.05,"48",3.0,1,"2003-07-01 00:00:00",""
958,920,"LL Mountain Frame - Silver, 52","FR-M21S-52",144.5938,264.05,"52",3.04,1,"2003-07-01 00:00:00",""
959,921,"Mountain Tire Tube","TT-M928",1.8663,4.99,"",0.0,0,"2003-07-01 00:00:00",""
960,922,"Road Tire Tube","TT-R982",1.4923,3.99,"",0.0,0,"2003-07-01 00:00:00",""
961,923,"Touring Tire Tube","TT-T092",1.8663,4.99,"",0.0,0,"2003-07-01 00:00:00",""
962,924,"LL Mountain Frame - Black, 42","FR-M21B-42",136.785,249.79,"42",2.92,1,"2003-07-01 00:00:00",""
963,925,"LL Mountain Frame - Black, 44","FR-M21B-44",136.785,249.79,"44",2.96,1,"2003-07-01 00:00:00",""
964,926,"LL Mountain Frame - Black, 48","FR-M21B-48",136.785,249.79,"48",3.0,1,"2003-07-01 00:00:00",""
965,927,"LL Mountain Frame - Black, 52","FR-M21B-52",136.785,249.79,"52",3.04,1,"2003-07-01 00:00:00",""
966,928,"LL Mountain Tire","TI-M267",9.3463,24.99,"",0.0,0,"2003-07-01 00:00:00",""
967,929,"ML Mountain Tire","TI-M602",11.2163,29.99,"",0.0,0,"2003-07-01 00:00:00",""
968,930,"HL Mountain Tire","TI-M823",13.09,35.0,"",0.0,0,"2003-07-01 00:00:00",""
969,931,"LL Road Tire","TI-R092",8.0373,21.49,"",0.0,0,"2003-07-01 00:00:00",""
970,932,"ML Road Tire","TI-R628",9.3463,24.99,"",0.0,0,"2003-07-01 00:00:00",""
971,933,"HL Road Tire","TI-R982",12.1924,32.6,"",0.0,0,"2003-07-01 00:00:00",""
972,934,"Touring Tire","TI-T723",10.8423,28.99,"",0.0,0,"2003-07-01 00:00:00",""
973,935,"LL Mountain Pedal","PD-M282",17.9776,40.49,"",218.0,1,"2003-07-01 00:00:00",""
974,936,"ML Mountain Pedal","PD-M340",27.568,62.09,"",215.0,1,"2003-07-01 00:00:00",""
975,937,"HL Mountain Pedal","PD-M562",35.9596,80.99,"",185.0,1,"2003-07-01 00:00:00",""
976,938,"LL Road Pedal","PD-R347",17.9776,40.49,"",189.0,1,"2003-07-01 00:00:00",""
977,939,"ML Road Pedal","PD-R563",27.568,62.09,"",168.0,1,"2003-07-01 00:00:00",""
978,940,"HL Road Pedal","PD-R853",35.9596,80.99,"",149.0,1,"2003-07-01 00:00:00",""
979,941,"Touring Pedal","PD-T852",35.9596,80.99,"",0.0,1,"2003-07-01 00:00:00",""
980,942,"ML Mountain Frame-W - Silver, 38","FR-M63S-38",199.3757,364.09,"38",2.73,2,"2003-07-01 00:00:00",""
981,943,"LL Mountain Frame - Black, 40","FR-M21B-40",136.785,249.79,"40",2.88,2,"2003-07-01 00:00:00",""
982,944,"LL Mountain Frame - Silver, 40","FR-M21S-40",144.5938,264.05,"40",2.88,2,"2003-07-01 00:00:00",""
983,945,"Front Derailleur","FD-2342",40.6216,91.49,"",88.0,1,"2003-07-01 00:00:00",""
984,946,"LL Touring Handlebars","HB-T721",20.464,46.09,"",0.0,1,"2003-07-01 00:00:00",""
985,947,"HL Touring Handlebars","HB-T928",40.6571,91.57,"",0.0,1,"2003-07-01 00:00:00",""
986,948,"Front Brakes","FB-9873",47.286,106.5,"",317.0,1,"2003-07-01 00:00:00",""
987,949,"LL Crankset","CS-4759",77.9176,175.49,"",600.0,1,"2003-07-01 00:00:00",""
988,950,"ML Crankset","CS-6583",113.8816,256.49,"",635.0,1,"2003-07-01 00:00:00",""
989,951,"HL Crankset","CS-9183",179.8156,404.99,"",575.0,1,"2003-07-01 00:00:00",""
990,952,"Chain","CH-0234",8.9866,20.24,"",0.0,1,"2003-07-01 00:00:00",""
991,953,"Touring-2000 Blue, 60","BK-T44U-60",755.1508,1214.85,"60",27.9,4,"2003-07-01 00:00:00",""
992,954,"Touring-1000 Yellow, 46","BK-T79Y-46",1481.9379,2384.07,"46",25.13,4,"2003-07-01 00:00:00",""
993,955,"Touring-1000 Yellow, 50","BK-T79Y-50",1481.9379,2384.07,"50",25.42,4,"2003-07-01 00:00:00",""
994,956,"Touring-1000 Yellow, 54","BK-T79Y-54",1481.9379,2384.07,"54",25.68,4,"2003-07-01 00:00:00",""
995,957,"Touring-1000 Yellow, 60","BK-T79Y-60",1481.9379,2384.07,"60",25.9,4,"2003-07-01 00:00:00",""
996,958,"Touring-3000 Blue, 54","BK-T18U-54",461.4448,742.35,"54",29.68,4,"2003-07-01 00:00:00",""
997,959,"Touring-3000 Blue, 58","BK-T18U-58",461.4448,742.35,"58",29.9,4,"2003-07-01 00:00:00",""
998,960,"Touring-3000 Blue, 62","BK-T18U-62",461.4448,742.35,"62",30.0,4,"2003-07-01 00:00:00",""
999,961,"Touring-3000 Yellow, 44","BK-T18Y-44",461.4448,742.35,"44",28.77,4,"2003-07-01 00:00:00",""
1000,962,"Touring-3000 Yellow, 50","BK-T18Y-50",461.4448,742.35,"50",29.13,4,"2003-07-01 00:00:00",""
1001,963,"Touring-3000 Yellow, 54","BK-T18Y-54",461.4448,742.35,"54",29.42,4,"2003-07-01 00:00:00",""
1002,964,"Touring-3000 Yellow, 58","BK-T18Y-58",461.4448,742.35,"58",29.79,4,"2003-07-01 00:00:00",""
1003,965,"Touring-3000 Yellow, 62","BK-T18Y-62",461.4448,742.35,"62",30.0,4,"2003-07-01 00:00:00",""
1004,966,"Touring-1000 Blue, 46","BK-T79U-46",1481.9379,2384.07,"46",25.13,4,"2003-07-01 00:00:00",""
1005,967,"Touring-1000 Blue, 50","BK-T79U-50",1481.9379,2384.07,"50",25.42,4,"2003-07-01 00:00:00",""
1006,968,"Touring-1000 Blue, 54","BK-T79U-54",1481.9379,2384.07,"54",25.68,4,"2003-07-01 00:00:00",""
1007,969,"Touring-1000 Blue, 60","BK-T79U-60",1481.9379,2384.07,"60",25.9,4,"2003-07-01 00:00:00",""
1008,970,"Touring-2000 Blue, 46","BK-T44U-46",755.1508,1214.85,"46",27.13,4,"2003-07-01 00:00:00",""
1009,971,"Touring-2000 Blue, 50","BK-T44U-50",755.1508,1214.85,"50",27.42,4,"2003-07-01 00:00:00",""
1010,972,"Touring-2000 Blue, 54","BK-T44U-54",755.1508,1214.85,"54",27.68,4,"2003-07-01 00:00:00",""
1011,973,"Road-350-W Yellow, 40","BK-R79Y-40",1082.51,1700.99,"40",15.35,4,"2003-07-01 00:00:00",""
1012,974,"Road-350-W Yellow, 42","BK-R79Y-42",1082.51,1700.99,"42",15.77,4,"2003-07-01 00:00:00",""
1013,975,"Road-350-W Yellow, 44","BK-R79Y-44",1082.51,1700.99,"44",16.13,4,"2003-07-01 00:00:00",""
1014,976,"Road-350-W Yellow, 48","BK-R79Y-48",1082.51,1700.99,"48",16.42,4,"2003-07-01 00:00:00",""
1015,977,"Road-750 Black, 58","BK-R19B-58",343.6496,539.99,"58",20.79,4,"2003-07-01 00:00:00",""
1016,978,"Touring-3000 Blue, 44","BK-T18U-44",461.4448,742.35,"44",28.77,4,"2003-07-01 00:00:00",""
1017,979,"Touring-3000 Blue, 50","BK-T18U-50",461.4448,742.35,"50",29.13,4,"2003-07-01 00:00:00",""
1018,980,"Mountain-400-W Silver, 38","BK-M38S-38",419.7784,769.49,"38",26.35,4,"2003-07-01 00:00:00",""
1019,981,"Mountain-400-W Silver, 40","BK-M38S-40",419.7784,769.49,"40",26.77,4,"2003-07-01 00:00:00",""
1020,982,"Mountain-400-W Silver, 42","BK-M38S-42",419.7784,769.49,"42",27.13,4,"2003-07-01 00:00:00",""
1021,983,"Mountain-400-W Silver, 46","BK-M38S-46",419.7784,769.49,"46",27.42,4,"2003-07-01 00:00:00",""
1022,984,"Mountain-500 Silver, 40","BK-M18S-40",308.2179,564.99,"40",27.35,4,"2003-07-01 00:00:00",""
1023,985,"Mountain-500 Silver, 42","BK-M18S-42",308.2179,564.99,"42",27.77,4,"2003-07-01 00:00:00",""
1024,986,"Mountain-500 Silver, 44","BK-M18S-44",308.2179,564.99,"44",28.13,4,"2003-07-01 00:00:00",""
1025,987,"Mountain-500 Silver, 48","BK-M18S-48",308.2179,564.99,"48",28.42,4,"2003-07-01 00:00:00",""
1026,988,"Mountain-500 Silver, 52","BK-M18S-52",308.2179,564.99,"52",28.68,4,"2003-07-01 00:00:00",""
1027,989,"Mountain-500 Black, 40","BK-M18B-40",294.5797,539.99,"40",27.35,4,"2003-07-01 00:00:00",""
1028,990,"Mountain-500 Black, 42","BK-M18B-42",294.5797,539.99,"42",27.77,4,"2003-07-01 00:00:00",""
1029,991,"Mountain-500 Black, 44","BK-M18B-44",294.5797,539.99,"44",28.13,4,"2003-07-01 00:00:00",""
1030,992,"Mountain-500 Black, 48","BK-M18B-48",294.5797,539.99,"48",28.42,4,"2003-07-01 00:00:00",""
1031,993,"Mountain-500 Black, 52","BK-M18B-52",294.5797,539.99,"52",28.68,4,"2003-07-01 00:00:00",""
1032,994,"LL Bottom Bracket","BB-7421",23.9716,53.99,"",223.0,1,"2003-07-01 00:00:00",""
1033,995,"ML Bottom Bracket","BB-8107",44.9506,101.24,"",168.0,1,"2003-07-01 00:00:00",""
1034,996,"HL Bottom Bracket","BB-9108",53.9416,121.49,"",170.0,1,"2003-07-01 00:00:00",""
1035,997,"Road-750 Black, 44","BK-R19B-44",343.6496,539.99,"44",19.77,4,"2003-07-01 00:00:00",""
1036,998,"Road-750 Black, 48","BK-R19B-48",343.6496,539.99,"48",20.13,4,"2003-07-01 00:00:00",""
1037,999,"Road-750 Black, 52","BK-R19B-52",343.6496,539.99,"52",20.42,4,"2003-07-01 00:00:00",""
